URL,Title,Price (in £)
A Light in the Attic,A Light in the Attic,£51.77
Tipping the Velvet,Tipping the Velvet,£53.74
Soumission,Soumission,£50.10
Sharp Objects,Sharp Objects,£47.82
Sapiens: A Brief History of Humankind,Sapiens: A Brief History of Humankind,£54.23
The Requiem Red,The Requiem Red,£22.65
The Dirty Little Secrets of Getting Your Dream Job,The Dirty Little Secrets of Getting Your Dream Job,£33.34
"The Coming Woman: A Novel Based on the Life of the Infamous Feminist, Victoria Woodhull","The Coming Woman: A Novel Based on the Life of the Infamous Feminist, Victoria Woodhull",£17.93
The Boys in the Boat: Nine Americans and Their Epic Quest for Gold at the 1936 Berlin Olympics,The Boys in the Boat: Nine Americans and Their Epic Quest for Gold at the 1936 Berlin Olympics,£22.60
The Black Maria,The Black Maria,£52.15
"Starving Hearts (Triangular Trade Trilogy, #1)","Starving Hearts (Triangular Trade Trilogy, #1)",£13.99
Shakespeare's Sonnets,Shakespeare's Sonnets,£20.66
Set Me Free,Set Me Free,£17.46
Scott Pilgrim's Precious Little Life (Scott Pilgrim #1),Scott Pilgrim's Precious Little Life (Scott Pilgrim #1),£52.29
Rip it Up and Start Again,Rip it Up and Start Again,£35.02
"Our Band Could Be Your Life: Scenes from the American Indie Underground, 1981-1991","Our Band Could Be Your Life: Scenes from the American Indie Underground, 1981-1991",£57.25
Olio,Olio,£23.88
Mesaerion: The Best Science Fiction Stories 1800-1849,Mesaerion: The Best Science Fiction Stories 1800-1849,£37.59
Libertarianism for Beginners,Libertarianism for Beginners,£51.33
It's Only the Himalayas,It's Only the Himalayas,£45.17
In Her Wake,In Her Wake,£12.84
How Music Works,How Music Works,£37.32
"Foolproof Preserving: A Guide to Small Batch Jams, Jellies, Pickles, Condiments, and More: A Foolproof Guide to Making Small Batch Jams, Jellies, Pickles, Condiments, and More","Foolproof Preserving: A Guide to Small Batch Jams, Jellies, Pickles, Condiments, and More: A Foolproof Guide to Making Small Batch Jams, Jellies, Pickles, Condiments, and More",£30.52
Chase Me (Paris Nights #2),Chase Me (Paris Nights #2),£25.27
Black Dust,Black Dust,£34.53
Birdsong: A Story in Pictures,Birdsong: A Story in Pictures,£54.64
America's Cradle of Quarterbacks: Western Pennsylvania's Football Factory from Johnny Unitas to Joe Montana,America's Cradle of Quarterbacks: Western Pennsylvania's Football Factory from Johnny Unitas to Joe Montana,£22.50
Aladdin and His Wonderful Lamp,Aladdin and His Wonderful Lamp,£53.13
Worlds Elsewhere: Journeys Around Shakespeare’s Globe,Worlds Elsewhere: Journeys Around Shakespeare’s Globe,£40.30
Wall and Piece,Wall and Piece,£44.18
The Four Agreements: A Practical Guide to Personal Freedom,The Four Agreements: A Practical Guide to Personal Freedom,£17.66
The Five Love Languages: How to Express Heartfelt Commitment to Your Mate,The Five Love Languages: How to Express Heartfelt Commitment to Your Mate,£31.05
The Elephant Tree,The Elephant Tree,£23.82
The Bear and the Piano,The Bear and the Piano,£36.89
Sophie's World,Sophie's World,£15.94
Penny Maybe,Penny Maybe,£33.29
Maude (1883-1993):She Grew Up with the country,Maude (1883-1993):She Grew Up with the country,£18.02
"In a Dark, Dark Wood","In a Dark, Dark Wood",£19.63
Behind Closed Doors,Behind Closed Doors,£52.22
You can't bury them all: Poems,You can't bury them all: Poems,£33.63
Slow States of Collapse: Poems,Slow States of Collapse: Poems,£57.31
Reasons to Stay Alive,Reasons to Stay Alive,£26.41
Private Paris (Private #10),Private Paris (Private #10),£47.61
#HigherSelfie: Wake Up Your Life. Free Your Soul. Find Your Tribe.,#HigherSelfie: Wake Up Your Life. Free Your Soul. Find Your Tribe.,£23.11
Without Borders (Wanderlove #1),Without Borders (Wanderlove #1),£45.07
When We Collided,When We Collided,£31.77
"We Love You, Charlie Freeman","We Love You, Charlie Freeman",£50.27
Untitled Collection: Sabbath Poems 2014,Untitled Collection: Sabbath Poems 2014,£14.27
"Unseen City: The Majesty of Pigeons, the Discreet Charm of Snails & Other Wonders of the Urban Wilderness","Unseen City: The Majesty of Pigeons, the Discreet Charm of Snails & Other Wonders of the Urban Wilderness",£44.18
Unicorn Tracks,Unicorn Tracks,£18.78
"Unbound: How Eight Technologies Made Us Human, Transformed Society, and Brought Our World to the Brink","Unbound: How Eight Technologies Made Us Human, Transformed Society, and Brought Our World to the Brink",£25.52
Tsubasa: WoRLD CHRoNiCLE 2 (Tsubasa WoRLD CHRoNiCLE #2),Tsubasa: WoRLD CHRoNiCLE 2 (Tsubasa WoRLD CHRoNiCLE #2),£16.28
Throwing Rocks at the Google Bus: How Growth Became the Enemy of Prosperity,Throwing Rocks at the Google Bus: How Growth Became the Enemy of Prosperity,£31.12
This One Summer,This One Summer,£19.49
Thirst,Thirst,£17.27
The Torch Is Passed: A Harding Family Story,The Torch Is Passed: A Harding Family Story,£19.09
The Secret of Dreadwillow Carse,The Secret of Dreadwillow Carse,£56.13
"The Pioneer Woman Cooks: Dinnertime: Comfort Classics, Freezer Food, 16-Minute Meals, and Other Delicious Ways to Solve Supper!","The Pioneer Woman Cooks: Dinnertime: Comfort Classics, Freezer Food, 16-Minute Meals, and Other Delicious Ways to Solve Supper!",£56.41
The Past Never Ends,The Past Never Ends,£56.50
The Natural History of Us (The Fine Art of Pretending #2),The Natural History of Us (The Fine Art of Pretending #2),£45.22
The Nameless City (The Nameless City #1),The Nameless City (The Nameless City #1),£38.16
The Murder That Never Was (Forensic Instincts #5),The Murder That Never Was (Forensic Instincts #5),£54.11
The Most Perfect Thing: Inside (and Outside) a Bird's Egg,The Most Perfect Thing: Inside (and Outside) a Bird's Egg,£42.96
"The Mindfulness and Acceptance Workbook for Anxiety: A Guide to Breaking Free from Anxiety, Phobias, and Worry Using Acceptance and Commitment Therapy","The Mindfulness and Acceptance Workbook for Anxiety: A Guide to Breaking Free from Anxiety, Phobias, and Worry Using Acceptance and Commitment Therapy",£23.89
The Life-Changing Magic of Tidying Up: The Japanese Art of Decluttering and Organizing,The Life-Changing Magic of Tidying Up: The Japanese Art of Decluttering and Organizing,£16.77
"The Inefficiency Assassin: Time Management Tactics for Working Smarter, Not Longer","The Inefficiency Assassin: Time Management Tactics for Working Smarter, Not Longer",£20.59
The Gutsy Girl: Escapades for Your Life of Epic Adventure,The Gutsy Girl: Escapades for Your Life of Epic Adventure,£37.13
The Electric Pencil: Drawings from Inside State Hospital No. 3,The Electric Pencil: Drawings from Inside State Hospital No. 3,£56.06
The Death of Humanity: and the Case for Life,The Death of Humanity: and the Case for Life,£58.11
"The Bulletproof Diet: Lose up to a Pound a Day, Reclaim Energy and Focus, Upgrade Your Life","The Bulletproof Diet: Lose up to a Pound a Day, Reclaim Energy and Focus, Upgrade Your Life",£49.05
The Art Forger,The Art Forger,£40.76
The Age of Genius: The Seventeenth Century and the Birth of the Modern Mind,The Age of Genius: The Seventeenth Century and the Birth of the Modern Mind,£19.73
The Activist's Tao Te Ching: Ancient Advice for a Modern Revolution,The Activist's Tao Te Ching: Ancient Advice for a Modern Revolution,£32.24
Spark Joy: An Illustrated Master Class on the Art of Organizing and Tidying Up,Spark Joy: An Illustrated Master Class on the Art of Organizing and Tidying Up,£41.83
Soul Reader,Soul Reader,£39.58
Security,Security,£39.25
"Saga, Volume 6 (Saga (Collected Editions) #6)","Saga, Volume 6 (Saga (Collected Editions) #6)",£25.02
"Saga, Volume 5 (Saga (Collected Editions) #5)","Saga, Volume 5 (Saga (Collected Editions) #5)",£51.04
Reskilling America: Learning to Labor in the Twenty-First Century,Reskilling America: Learning to Labor in the Twenty-First Century,£19.83
"Rat Queens, Vol. 3: Demons (Rat Queens (Collected Editions) #11-15)","Rat Queens, Vol. 3: Demons (Rat Queens (Collected Editions) #11-15)",£50.40
"Princess Jellyfish 2-in-1 Omnibus, Vol. 01 (Princess Jellyfish 2-in-1 Omnibus #1)","Princess Jellyfish 2-in-1 Omnibus, Vol. 01 (Princess Jellyfish 2-in-1 Omnibus #1)",£13.61
Princess Between Worlds (Wide-Awake Princess #5),Princess Between Worlds (Wide-Awake Princess #5),£13.34
"Pop Gun War, Volume 1: Gift","Pop Gun War, Volume 1: Gift",£18.97
"Political Suicide: Missteps, Peccadilloes, Bad Calls, Backroom Hijinx, Sordid Pasts, Rotten Breaks, and Just Plain Dumb Mistakes in the Annals of American Politics","Political Suicide: Missteps, Peccadilloes, Bad Calls, Backroom Hijinx, Sordid Pasts, Rotten Breaks, and Just Plain Dumb Mistakes in the Annals of American Politics",£36.28
Patience,Patience,£10.16
"Outcast, Vol. 1: A Darkness Surrounds Him (Outcast #1)","Outcast, Vol. 1: A Darkness Surrounds Him (Outcast #1)",£15.44
orange: The Complete Collection 1 (orange: The Complete Collection #1),orange: The Complete Collection 1 (orange: The Complete Collection #1),£48.41
Online Marketing for Busy Authors: A Step-By-Step Guide,Online Marketing for Busy Authors: A Step-By-Step Guide,£46.35
On a Midnight Clear,On a Midnight Clear,£14.07
Obsidian (Lux #1),Obsidian (Lux #1),£14.86
My Paris Kitchen: Recipes and Stories,My Paris Kitchen: Recipes and Stories,£33.37
Masks and Shadows,Masks and Shadows,£56.40
"Mama Tried: Traditional Italian Cooking for the Screwed, Crude, Vegan, and Tattooed","Mama Tried: Traditional Italian Cooking for the Screwed, Crude, Vegan, and Tattooed",£14.02
"Lumberjanes, Vol. 2: Friendship to the Max (Lumberjanes #5-8)","Lumberjanes, Vol. 2: Friendship to the Max (Lumberjanes #5-8)",£46.91
"Lumberjanes, Vol. 1: Beware the Kitten Holy (Lumberjanes #1-4)","Lumberjanes, Vol. 1: Beware the Kitten Holy (Lumberjanes #1-4)",£45.61
Lumberjanes Vol. 3: A Terrible Plan (Lumberjanes #9-12),Lumberjanes Vol. 3: A Terrible Plan (Lumberjanes #9-12),£19.92
"Layered: Baking, Building, and Styling Spectacular Cakes","Layered: Baking, Building, and Styling Spectacular Cakes",£40.11
Judo: Seven Steps to Black Belt (an Introductory Guide for Beginners),Judo: Seven Steps to Black Belt (an Introductory Guide for Beginners),£53.90
Join,Join,£35.67
In the Country We Love: My Family Divided,In the Country We Love: My Family Divided,£22.00
Immunity: How Elie Metchnikoff Changed the Course of Modern Medicine,Immunity: How Elie Metchnikoff Changed the Course of Modern Medicine,£57.36
"I Hate Fairyland, Vol. 1: Madly Ever After (I Hate Fairyland (Compilations) #1-5)","I Hate Fairyland, Vol. 1: Madly Ever After (I Hate Fairyland (Compilations) #1-5)",£29.17
I am a Hero Omnibus Volume 1,I am a Hero Omnibus Volume 1,£54.63
How to Be Miserable: 40 Strategies You Already Use,How to Be Miserable: 40 Strategies You Already Use,£46.03
Her Backup Boyfriend (The Sorensen Family #1),Her Backup Boyfriend (The Sorensen Family #1),£33.97
"Giant Days, Vol. 2 (Giant Days #5-8)","Giant Days, Vol. 2 (Giant Days #5-8)",£22.11
Forever and Forever: The Courtship of Henry Longfellow and Fanny Appleton,Forever and Forever: The Courtship of Henry Longfellow and Fanny Appleton,£29.69
First and First (Five Boroughs #3),First and First (Five Boroughs #3),£15.97
Fifty Shades Darker (Fifty Shades #2),Fifty Shades Darker (Fifty Shades #2),£21.96
Everydata: The Misinformation Hidden in the Little Data You Consume Every Day,Everydata: The Misinformation Hidden in the Little Data You Consume Every Day,£54.35
"Don't Be a Jerk: And Other Practical Advice from Dogen, Japan's Greatest Zen Master","Don't Be a Jerk: And Other Practical Advice from Dogen, Japan's Greatest Zen Master",£37.97
Danganronpa Volume 1,Danganronpa Volume 1,£51.99
Crown of Midnight (Throne of Glass #2),Crown of Midnight (Throne of Glass #2),£43.29
"Codename Baboushka, Volume 1: The Conclave of Death","Codename Baboushka, Volume 1: The Conclave of Death",£36.72
Camp Midnight,Camp Midnight,£17.08
Call the Nurse: True Stories of a Country Nurse on a Scottish Isle,Call the Nurse: True Stories of a Country Nurse on a Scottish Isle,£29.14
Burning,Burning,£28.81
Bossypants,Bossypants,£49.46
"Bitch Planet, Vol. 1: Extraordinary Machine (Bitch Planet (Collected Editions))","Bitch Planet, Vol. 1: Extraordinary Machine (Bitch Planet (Collected Editions))",£37.92
"Avatar: The Last Airbender: Smoke and Shadow, Part 3 (Smoke and Shadow #3)","Avatar: The Last Airbender: Smoke and Shadow, Part 3 (Smoke and Shadow #3)",£28.09
Algorithms to Live By: The Computer Science of Human Decisions,Algorithms to Live By: The Computer Science of Human Decisions,£30.81
A World of Flavor: Your Gluten Free Passport,A World of Flavor: Your Gluten Free Passport,£42.95
"A Piece of Sky, a Grain of Rice: A Memoir in Four Meditations","A Piece of Sky, a Grain of Rice: A Memoir in Four Meditations",£56.76
A Murder in Time,A Murder in Time,£16.64
A Flight of Arrows (The Pathfinders #2),A Flight of Arrows (The Pathfinders #2),£55.53
A Fierce and Subtle Poison,A Fierce and Subtle Poison,£28.13
A Court of Thorns and Roses (A Court of Thorns and Roses #1),A Court of Thorns and Roses (A Court of Thorns and Roses #1),£52.37
(Un)Qualified: How God Uses Broken People to Do Big Things,(Un)Qualified: How God Uses Broken People to Do Big Things,£54.00
You Are What You Love: The Spiritual Power of Habit,You Are What You Love: The Spiritual Power of Habit,£21.87
"William Shakespeare's Star Wars: Verily, A New Hope (William Shakespeare's Star Wars #4)","William Shakespeare's Star Wars: Verily, A New Hope (William Shakespeare's Star Wars #4)",£43.30
Tuesday Nights in 1980,Tuesday Nights in 1980,£21.04
Tracing Numbers on a Train,Tracing Numbers on a Train,£41.60
Throne of Glass (Throne of Glass #1),Throne of Glass (Throne of Glass #1),£35.07
Thomas Jefferson and the Tripoli Pirates: The Forgotten War That Changed American History,Thomas Jefferson and the Tripoli Pirates: The Forgotten War That Changed American History,£59.64
Thirteen Reasons Why,Thirteen Reasons Why,£52.72
The White Cat and the Monk: A Retelling of the Poem “Pangur Bán”,The White Cat and the Monk: A Retelling of the Poem “Pangur Bán”,£58.08
The Wedding Dress,The Wedding Dress,£24.12
The Vacationers,The Vacationers,£42.15
The Third Wave: An Entrepreneur’s Vision of the Future,The Third Wave: An Entrepreneur’s Vision of the Future,£12.61
The Stranger,The Stranger,£17.44
The Shadow Hero (The Shadow Hero),The Shadow Hero (The Shadow Hero),£33.14
The Secret (The Secret #1),The Secret (The Secret #1),£27.37
The Regional Office Is Under Attack!,The Regional Office Is Under Attack!,£51.36
The Psychopath Test: A Journey Through the Madness Industry,The Psychopath Test: A Journey Through the Madness Industry,£36.00
The Project,The Project,£10.65
The Power of Now: A Guide to Spiritual Enlightenment,The Power of Now: A Guide to Spiritual Enlightenment,£43.54
The Omnivore's Dilemma: A Natural History of Four Meals,The Omnivore's Dilemma: A Natural History of Four Meals,£38.21
The Nerdy Nummies Cookbook: Sweet Treats for the Geek in All of Us,The Nerdy Nummies Cookbook: Sweet Treats for the Geek in All of Us,£37.34
The Murder of Roger Ackroyd (Hercule Poirot #4),The Murder of Roger Ackroyd (Hercule Poirot #4),£44.10
The Mistake (Off-Campus #2),The Mistake (Off-Campus #2),£43.29
The Matchmaker's Playbook (Wingmen Inc. #1),The Matchmaker's Playbook (Wingmen Inc. #1),£55.85
The Love and Lemons Cookbook: An Apple-to-Zucchini Celebration of Impromptu Cooking,The Love and Lemons Cookbook: An Apple-to-Zucchini Celebration of Impromptu Cooking,£37.60
The Long Shadow of Small Ghosts: Murder and Memory in an American City,The Long Shadow of Small Ghosts: Murder and Memory in an American City,£10.97
The Kite Runner,The Kite Runner,£41.82
The House by the Lake,The House by the Lake,£36.95
The Glittering Court (The Glittering Court #1),The Glittering Court (The Glittering Court #1),£44.28
The Girl on the Train,The Girl on the Train,£55.02
The Genius of Birds,The Genius of Birds,£17.24
The Emerald Mystery,The Emerald Mystery,£23.15
The Cookies & Cups Cookbook: 125+ sweet & savory recipes reminding you to Always Eat Dessert First,The Cookies & Cups Cookbook: 125+ sweet & savory recipes reminding you to Always Eat Dessert First,£41.25
The Bridge to Consciousness: I'm Writing the Bridge Between Science and Our Old and New Beliefs.,The Bridge to Consciousness: I'm Writing the Bridge Between Science and Our Old and New Beliefs.,£32.00
The Artist's Way: A Spiritual Path to Higher Creativity,The Artist's Way: A Spiritual Path to Higher Creativity,£38.49
The Art of War,The Art of War,£33.34
The Argonauts,The Argonauts,£10.93
The 10% Entrepreneur: Live Your Startup Dream Without Quitting Your Day Job,The 10% Entrepreneur: Live Your Startup Dream Without Quitting Your Day Job,£27.55
Suddenly in Love (Lake Haven #1),Suddenly in Love (Lake Haven #1),£55.99
Something More Than This,Something More Than This,£16.24
Soft Apocalypse,Soft Apocalypse,£26.12
So You've Been Publicly Shamed,So You've Been Publicly Shamed,£12.23
Shoe Dog: A Memoir by the Creator of NIKE,Shoe Dog: A Memoir by the Creator of NIKE,£23.99
"Shobu Samurai, Project Aryoku (#3)","Shobu Samurai, Project Aryoku (#3)",£29.06
Secrets and Lace (Fatal Hearts #1),Secrets and Lace (Fatal Hearts #1),£20.27
Scarlett Epstein Hates It Here,Scarlett Epstein Hates It Here,£43.55
Romero and Juliet: A Tragic Tale of Love and Zombies,Romero and Juliet: A Tragic Tale of Love and Zombies,£36.94
Redeeming Love,Redeeming Love,£20.47
Poses for Artists Volume 1 - Dynamic and Sitting Poses: An Essential Reference for Figure Drawing and the Human Form,Poses for Artists Volume 1 - Dynamic and Sitting Poses: An Essential Reference for Figure Drawing and the Human Form,£41.06
Poems That Make Grown Women Cry,Poems That Make Grown Women Cry,£14.19
"Nightingale, Sing","Nightingale, Sing",£38.28
Night Sky with Exit Wounds,Night Sky with Exit Wounds,£41.05
Mrs. Houdini,Mrs. Houdini,£30.25
Modern Romance,Modern Romance,£28.26
Miss Peregrine’s Home for Peculiar Children (Miss Peregrine’s Peculiar Children #1),Miss Peregrine’s Home for Peculiar Children (Miss Peregrine’s Peculiar Children #1),£10.76
Louisa: The Extraordinary Life of Mrs. Adams,Louisa: The Extraordinary Life of Mrs. Adams,£16.85
Little Red,Little Red,£13.47
Library of Souls (Miss Peregrine’s Peculiar Children #3),Library of Souls (Miss Peregrine’s Peculiar Children #3),£48.56
Large Print Heart of the Pride,Large Print Heart of the Pride,£19.15
I Had a Nice Time And Other Lies...: How to find love & sh*t like that,I Had a Nice Time And Other Lies...: How to find love & sh*t like that,£57.36
Hollow City (Miss Peregrine’s Peculiar Children #2),Hollow City (Miss Peregrine’s Peculiar Children #2),£42.98
Grumbles,Grumbles,£22.16
Full Moon over Noah’s Ark: An Odyssey to Mount Ararat and Beyond,Full Moon over Noah’s Ark: An Odyssey to Mount Ararat and Beyond,£49.43
Frostbite (Vampire Academy #2),Frostbite (Vampire Academy #2),£29.99
Follow You Home,Follow You Home,£21.36
First Steps for New Christians (Print Edition),First Steps for New Christians (Print Edition),£29.00
Finders Keepers (Bill Hodges Trilogy #2),Finders Keepers (Bill Hodges Trilogy #2),£53.53
"Fables, Vol. 1: Legends in Exile (Fables #1)","Fables, Vol. 1: Legends in Exile (Fables #1)",£41.62
Eureka Trivia 6.0,Eureka Trivia 6.0,£54.59
Drive: The Surprising Truth About What Motivates Us,Drive: The Surprising Truth About What Motivates Us,£34.95
Done Rubbed Out (Reightman & Bailey #1),Done Rubbed Out (Reightman & Bailey #1),£37.72
Doing It Over (Most Likely To #1),Doing It Over (Most Likely To #1),£35.61
"Deliciously Ella Every Day: Quick and Easy Recipes for Gluten-Free Snacks, Packed Lunches, and Simple Meals","Deliciously Ella Every Day: Quick and Easy Recipes for Gluten-Free Snacks, Packed Lunches, and Simple Meals",£42.16
Dark Notes,Dark Notes,£19.19
"Daring Greatly: How the Courage to Be Vulnerable Transforms the Way We Live, Love, Parent, and Lead","Daring Greatly: How the Courage to Be Vulnerable Transforms the Way We Live, Love, Parent, and Lead",£19.43
Close to You,Close to You,£49.46
Chasing Heaven: What Dying Taught Me About Living,Chasing Heaven: What Dying Taught Me About Living,£37.80
Big Magic: Creative Living Beyond Fear,Big Magic: Creative Living Beyond Fear,£30.80
Becoming Wise: An Inquiry into the Mystery and Art of Living,Becoming Wise: An Inquiry into the Mystery and Art of Living,£27.43
Beauty Restored (Riley Family Legacy Novellas #3),Beauty Restored (Riley Family Legacy Novellas #3),£11.11
Batman: The Long Halloween (Batman),Batman: The Long Halloween (Batman),£36.50
Batman: The Dark Knight Returns (Batman),Batman: The Dark Knight Returns (Batman),£15.38
Ayumi's Violin,Ayumi's Violin,£15.48
Anonymous,Anonymous,£46.82
Amy Meets the Saints and Sages,Amy Meets the Saints and Sages,£18.46
Amid the Chaos,Amid the Chaos,£36.58
Amatus,Amatus,£50.54
Agnostic: A Spirited Manifesto,Agnostic: A Spirited Manifesto,£12.51
Zealot: The Life and Times of Jesus of Nazareth,Zealot: The Life and Times of Jesus of Nazareth,£24.70
You (You #1),You (You #1),£43.61
"Wonder Woman: Earth One, Volume One (Wonder Woman: Earth One #1)","Wonder Woman: Earth One, Volume One (Wonder Woman: Earth One #1)",£37.34
Wild Swans,Wild Swans,£14.36
Why the Right Went Wrong: Conservatism--From Goldwater to the Tea Party and Beyond,Why the Right Went Wrong: Conservatism--From Goldwater to the Tea Party and Beyond,£52.65
Whole Lotta Creativity Going On: 60 Fun and Unusual Exercises to Awaken and Strengthen Your Creativity,Whole Lotta Creativity Going On: 60 Fun and Unusual Exercises to Awaken and Strengthen Your Creativity,£38.20
What's It Like in Space?: Stories from Astronauts Who've Been There,What's It Like in Space?: Stories from Astronauts Who've Been There,£19.60
"We Are Robin, Vol. 1: The Vigilante Business (We Are Robin #1)","We Are Robin, Vol. 1: The Vigilante Business (We Are Robin #1)",£53.90
Walt Disney's Alice in Wonderland,Walt Disney's Alice in Wonderland,£12.96
V for Vendetta (V for Vendetta Complete),V for Vendetta (V for Vendetta Complete),£37.10
Until Friday Night (The Field Party #1),Until Friday Night (The Field Party #1),£46.31
"Unbroken: A World War II Story of Survival, Resilience, and Redemption","Unbroken: A World War II Story of Survival, Resilience, and Redemption",£45.95
Twenty Yawns,Twenty Yawns,£22.08
Through the Woods,Through the Woods,£25.38
This Is Where It Ends,This Is Where It Ends,£27.12
The Year of Magical Thinking,The Year of Magical Thinking,£43.04
The Wright Brothers,The Wright Brothers,£56.80
The White Queen (The Cousins' War #1),The White Queen (The Cousins' War #1),£25.91
The Wedding Pact (The O'Malleys #2),The Wedding Pact (The O'Malleys #2),£32.61
The Time Keeper,The Time Keeper,£27.88
The Testament of Mary,The Testament of Mary,£52.67
The Star-Touched Queen,The Star-Touched Queen,£46.02
The Songs of the Gods,The Songs of the Gods,£44.48
The Song of Achilles,The Song of Achilles,£37.40
The Rosie Project (Don Tillman #1),The Rosie Project (Don Tillman #1),£54.04
The Power of Habit: Why We Do What We Do in Life and Business,The Power of Habit: Why We Do What We Do in Life and Business,£16.88
The Marriage of Opposites,The Marriage of Opposites,£28.08
The Lucifer Effect: Understanding How Good People Turn Evil,The Lucifer Effect: Understanding How Good People Turn Evil,£10.40
The Long Haul (Diary of a Wimpy Kid #9),The Long Haul (Diary of a Wimpy Kid #9),£44.07
The Loney,The Loney,£23.40
The Literature Book (Big Ideas Simply Explained),The Literature Book (Big Ideas Simply Explained),£17.43
The Last Mile (Amos Decker #2),The Last Mile (Amos Decker #2),£54.21
The Immortal Life of Henrietta Lacks,The Immortal Life of Henrietta Lacks,£40.67
The Hidden Oracle (The Trials of Apollo #1),The Hidden Oracle (The Trials of Apollo #1),£52.26
The Help Yourself Cookbook for Kids: 60 Easy Plant-Based Recipes Kids Can Make to Stay Healthy and Save the Earth,The Help Yourself Cookbook for Kids: 60 Easy Plant-Based Recipes Kids Can Make to Stay Healthy and Save the Earth,£28.77
The Guilty (Will Robie #4),The Guilty (Will Robie #4),£13.82
The First Hostage (J.B. Collins #2),The First Hostage (J.B. Collins #2),£25.85
The Dovekeepers,The Dovekeepers,£48.78
The Darkest Lie,The Darkest Lie,£35.35
The Bane Chronicles (The Bane Chronicles #1-11),The Bane Chronicles (The Bane Chronicles #1-11),£44.73
The Bad-Ass Librarians of Timbuktu: And Their Race to Save the World’s Most Precious Manuscripts,The Bad-Ass Librarians of Timbuktu: And Their Race to Save the World’s Most Precious Manuscripts,£15.77
The 14th Colony (Cotton Malone #11),The 14th Colony (Cotton Malone #11),£39.24
That Darkness (Gardiner and Renner #1),That Darkness (Gardiner and Renner #1),£13.92
Tastes Like Fear (DI Marnie Rome #3),Tastes Like Fear (DI Marnie Rome #3),£10.69
Take Me with You,Take Me with You,£45.21
Swell: A Year of Waves,Swell: A Year of Waves,£45.58
Superman Vol. 1: Before Truth (Superman by Gene Luen Yang #1),Superman Vol. 1: Before Truth (Superman by Gene Luen Yang #1),£11.89
Still Life with Bread Crumbs,Still Life with Bread Crumbs,£26.41
Steve Jobs,Steve Jobs,£39.50
Sorting the Beef from the Bull: The Science of Food Fraud Forensics,Sorting the Beef from the Bull: The Science of Food Fraud Forensics,£44.74
Someone Like You (The Harrisons #2),Someone Like You (The Harrisons #2),£52.79
"So Cute It Hurts!!, Vol. 6 (So Cute It Hurts!! #6)","So Cute It Hurts!!, Vol. 6 (So Cute It Hurts!! #6)",£35.43
Shtum,Shtum,£55.84
See America: A Celebration of Our National Parks & Treasured Sites,See America: A Celebration of Our National Parks & Treasured Sites,£48.87
salt.,salt.,£46.78
Robin War,Robin War,£47.82
"Red Hood/Arsenal, Vol. 1: Open for Business (Red Hood/Arsenal #1)","Red Hood/Arsenal, Vol. 1: Open for Business (Red Hood/Arsenal #1)",£25.48
Rain Fish,Rain Fish,£23.57
"Quarter Life Poetry: Poems for the Young, Broke and Hangry","Quarter Life Poetry: Poems for the Young, Broke and Hangry",£50.89
Pet Sematary,Pet Sematary,£10.56
"Overload: How to Unplug, Unwind, and Unleash Yourself from the Pressure of Stress","Overload: How to Unplug, Unwind, and Unleash Yourself from the Pressure of Stress",£52.15
Once Was a Time,Once Was a Time,£18.28
Old School (Diary of a Wimpy Kid #10),Old School (Diary of a Wimpy Kid #10),£11.83
No Dream Is Too High: Life Lessons From a Man Who Walked on the Moon,No Dream Is Too High: Life Lessons From a Man Who Walked on the Moon,£21.95
"Naruto (3-in-1 Edition), Vol. 14: Includes Vols. 40, 41 & 42 (Naruto: Omnibus #14)","Naruto (3-in-1 Edition), Vol. 14: Includes Vols. 40, 41 & 42 (Naruto: Omnibus #14)",£38.39
My Name Is Lucy Barton,My Name Is Lucy Barton,£41.56
My Mrs. Brown,My Mrs. Brown,£24.48
My Kind of Crazy,My Kind of Crazy,£40.36
Mr. Mercedes (Bill Hodges Trilogy #1),Mr. Mercedes (Bill Hodges Trilogy #1),£28.90
More Than Music (Chasing the Dream #1),More Than Music (Chasing the Dream #1),£37.61
Made to Stick: Why Some Ideas Survive and Others Die,Made to Stick: Why Some Ideas Survive and Others Die,£38.85
Luis Paints the World,Luis Paints the World,£53.95
Luckiest Girl Alive,Luckiest Girl Alive,£49.83
Lowriders to the Center of the Earth (Lowriders in Space #2),Lowriders to the Center of the Earth (Lowriders in Space #2),£51.51
Love Is a Mix Tape (Music #1),Love Is a Mix Tape (Music #1),£18.03
Looking for Lovely: Collecting the Moments that Matter,Looking for Lovely: Collecting the Moments that Matter,£29.14
"Living Leadership by Insight: A Good Leader Achieves, a Great Leader Builds Monuments","Living Leadership by Insight: A Good Leader Achieves, a Great Leader Builds Monuments",£46.91
Let It Out: A Journey Through Journaling,Let It Out: A Journey Through Journaling,£26.79
Lady Midnight (The Dark Artifices #1),Lady Midnight (The Dark Artifices #1),£16.28
"It's All Easy: Healthy, Delicious Weeknight Meals in under 30 Minutes","It's All Easy: Healthy, Delicious Weeknight Meals in under 30 Minutes",£19.55
Island of Dragons (Unwanteds #7),Island of Dragons (Unwanteds #7),£29.65
I Know What I'm Doing -- and Other Lies I Tell Myself: Dispatches from a Life Under Construction,I Know What I'm Doing -- and Other Lies I Tell Myself: Dispatches from a Life Under Construction,£25.98
I Am Pilgrim (Pilgrim #1),I Am Pilgrim (Pilgrim #1),£10.60
"Hyperbole and a Half: Unfortunate Situations, Flawed Coping Mechanisms, Mayhem, and Other Things That Happened","Hyperbole and a Half: Unfortunate Situations, Flawed Coping Mechanisms, Mayhem, and Other Things That Happened",£14.75
"Hush, Hush (Hush, Hush #1)","Hush, Hush (Hush, Hush #1)",£47.02
Hold Your Breath (Search and Rescue #1),Hold Your Breath (Search and Rescue #1),£28.82
Hamilton: The Revolution,Hamilton: The Revolution,£58.79
Greek Mythic History,Greek Mythic History,£10.23
God: The Most Unpleasant Character in All Fiction,God: The Most Unpleasant Character in All Fiction,£30.03
Glory over Everything: Beyond The Kitchen House,Glory over Everything: Beyond The Kitchen House,£45.84
Feathers: Displays of Brilliant Plumage,Feathers: Displays of Brilliant Plumage,£49.05
"Far & Away: Places on the Brink of Change: Seven Continents, Twenty-Five Years","Far & Away: Places on the Brink of Change: Seven Continents, Twenty-Five Years",£15.06
Every Last Word,Every Last Word,£46.47
Eligible (The Austen Project #4),Eligible (The Austen Project #4),£27.09
El Deafo,El Deafo,£57.62
Eight Hundred Grapes,Eight Hundred Grapes,£14.39
"Eaternity: More than 150 Deliciously Easy Vegan Recipes for a Long, Healthy, Satisfied, Joyful Life","Eaternity: More than 150 Deliciously Easy Vegan Recipes for a Long, Healthy, Satisfied, Joyful Life",£51.75
"Eat Fat, Get Thin","Eat Fat, Get Thin",£54.07
Don't Get Caught,Don't Get Caught,£55.35
Doctor Sleep (The Shining #2),Doctor Sleep (The Shining #2),£40.12
Demigods & Magicians: Percy and Annabeth Meet the Kanes (Percy Jackson & Kane Chronicles Crossover #1-3),Demigods & Magicians: Percy and Annabeth Meet the Kanes (Percy Jackson & Kane Chronicles Crossover #1-3),£37.51
Dear Mr. Knightley,Dear Mr. Knightley,£11.21
Daily Fantasy Sports,Daily Fantasy Sports,£36.58
Crazy Love: Overwhelmed by a Relentless God,Crazy Love: Overwhelmed by a Relentless God,£47.72
Cometh the Hour (The Clifton Chronicles #6),Cometh the Hour (The Clifton Chronicles #6),£25.01
Code Name Verity (Code Name Verity #1),Code Name Verity (Code Name Verity #1),£22.13
Clockwork Angel (The Infernal Devices #1),Clockwork Angel (The Infernal Devices #1),£44.14
City of Glass (The Mortal Instruments #3),City of Glass (The Mortal Instruments #3),£56.02
City of Fallen Angels (The Mortal Instruments #4),City of Fallen Angels (The Mortal Instruments #4),£11.23
City of Bones (The Mortal Instruments #1),City of Bones (The Mortal Instruments #1),£43.28
City of Ashes (The Mortal Instruments #2),City of Ashes (The Mortal Instruments #2),£47.27
Cell,Cell,£20.29
Catching Jordan (Hundred Oaks),Catching Jordan (Hundred Oaks),£50.83
"Carry On, Warrior: Thoughts on Life Unarmed","Carry On, Warrior: Thoughts on Life Unarmed",£31.85
Carrie,Carrie,£46.23
Buying In: The Secret Dialogue Between What We Buy and Who We Are,Buying In: The Secret Dialogue Between What We Buy and Who We Are,£37.80
Brain on Fire: My Month of Madness,Brain on Fire: My Month of Madness,£49.32
Batman: Europa,Batman: Europa,£32.01
Barefoot Contessa Back to Basics,Barefoot Contessa Back to Basics,£28.01
Barefoot Contessa at Home: Everyday Recipes You'll Make Over and Over Again,Barefoot Contessa at Home: Everyday Recipes You'll Make Over and Over Again,£50.62
Balloon Animals,Balloon Animals,£17.03
Art Ops Vol. 1,Art Ops Vol. 1,£48.80
Aristotle and Dante Discover the Secrets of the Universe (Aristotle and Dante Discover the Secrets of the Universe #1),Aristotle and Dante Discover the Secrets of the Universe (Aristotle and Dante Discover the Secrets of the Universe #1),£58.14
Angels Walking (Angels Walking #1),Angels Walking (Angels Walking #1),£34.20
Angels & Demons (Robert Langdon #1),Angels & Demons (Robert Langdon #1),£51.48
All the Light We Cannot See,All the Light We Cannot See,£29.87
"Adulthood Is a Myth: A ""Sarah's Scribbles"" Collection","Adulthood Is a Myth: A ""Sarah's Scribbles"" Collection",£10.90
Abstract City,Abstract City,£56.37
A Time of Torment (Charlie Parker #14),A Time of Torment (Charlie Parker #14),£48.35
A Study in Scarlet (Sherlock Holmes #1),A Study in Scarlet (Sherlock Holmes #1),£16.73
"A Series of Catastrophes and Miracles: A True Story of Love, Science, and Cancer","A Series of Catastrophes and Miracles: A True Story of Love, Science, and Cancer",£56.48
A People's History of the United States,A People's History of the United States,£40.79
A Man Called Ove,A Man Called Ove,£39.72
A Distant Mirror: The Calamitous 14th Century,A Distant Mirror: The Calamitous 14th Century,£14.58
A Brush of Wings (Angels Walking #3),A Brush of Wings (Angels Walking #3),£55.51
1491: New Revelations of the Americas Before Columbus,1491: New Revelations of the Americas Before Columbus,£21.80
"The Three Searches, Meaning, and the Story","The Three Searches, Meaning, and the Story",£13.33
Searching for Meaning in Gailana,Searching for Meaning in Gailana,£38.73
Rook,Rook,£37.86
My Kitchen Year: 136 Recipes That Saved My Life,My Kitchen Year: 136 Recipes That Saved My Life,£11.53
13 Hours: The Inside Account of What Really Happened In Benghazi,13 Hours: The Inside Account of What Really Happened In Benghazi,£27.06
Will You Won't You Want Me?,Will You Won't You Want Me?,£13.86
Tipping Point for Planet Earth: How Close Are We to the Edge?,Tipping Point for Planet Earth: How Close Are We to the Edge?,£37.55
The Star-Touched Queen,The Star-Touched Queen,£32.30
The Silent Sister (Riley MacPherson #1),The Silent Sister (Riley MacPherson #1),£46.29
The Midnight Watch: A Novel of the Titanic and the Californian,The Midnight Watch: A Novel of the Titanic and the Californian,£26.20
The Lonely City: Adventures in the Art of Being Alone,The Lonely City: Adventures in the Art of Being Alone,£33.26
The Gray Rhino: How to Recognize and Act on the Obvious Dangers We Ignore,The Gray Rhino: How to Recognize and Act on the Obvious Dangers We Ignore,£59.15
The Golden Condom: And Other Essays on Love Lost and Found,The Golden Condom: And Other Essays on Love Lost and Found,£39.43
The Epidemic (The Program 0.6),The Epidemic (The Program 0.6),£14.44
The Dinner Party,The Dinner Party,£56.54
The Diary of a Young Girl,The Diary of a Young Girl,£59.90
The Children,The Children,£11.88
Stars Above (The Lunar Chronicles #4.5),Stars Above (The Lunar Chronicles #4.5),£48.05
Snatched: How A Drug Queen Went Undercover for the DEA and Was Kidnapped By Colombian Guerillas,Snatched: How A Drug Queen Went Undercover for the DEA and Was Kidnapped By Colombian Guerillas,£21.21
Raspberry Pi Electronics Projects for the Evil Genius,Raspberry Pi Electronics Projects for the Evil Genius,£49.67
Quench Your Own Thirst: Business Lessons Learned Over a Beer or Two,Quench Your Own Thirst: Business Lessons Learned Over a Beer or Two,£43.14
Psycho: Sanitarium (Psycho #1.5),Psycho: Sanitarium (Psycho #1.5),£36.97
Poisonous (Max Revere Novels #3),Poisonous (Max Revere Novels #3),£26.80
One with You (Crossfire #5),One with You (Crossfire #5),£15.71
No Love Allowed (Dodge Cove #1),No Love Allowed (Dodge Cove #1),£54.65
Murder at the 42nd Street Library (Raymond Ambler #1),Murder at the 42nd Street Library (Raymond Ambler #1),£54.36
Most Wanted,Most Wanted,£35.28
"Love, Lies and Spies","Love, Lies and Spies",£20.55
How to Speak Golf: An Illustrated Guide to Links Lingo,How to Speak Golf: An Illustrated Guide to Links Lingo,£58.32
Hide Away (Eve Duncan #20),Hide Away (Eve Duncan #20),£11.84
Furiously Happy: A Funny Book About Horrible Things,Furiously Happy: A Funny Book About Horrible Things,£41.46
Everyday Italian: 125 Simple and Delicious Recipes,Everyday Italian: 125 Simple and Delicious Recipes,£20.10
Equal Is Unfair: America's Misguided Fight Against Income Inequality,Equal Is Unfair: America's Misguided Fight Against Income Inequality,£56.86
Eleanor & Park,Eleanor & Park,£56.51
Dirty (Dive Bar #1),Dirty (Dive Bar #1),£40.83
Can You Keep a Secret? (Fear Street Relaunch #4),Can You Keep a Secret? (Fear Street Relaunch #4),£48.64
Boar Island (Anna Pigeon #19),Boar Island (Anna Pigeon #19),£59.48
A Paris Apartment,A Paris Apartment,£39.01
"A la Mode: 120 Recipes in 60 Pairings: Pies, Tarts, Cakes, Crisps, and More Topped with Ice Cream, Gelato, Frozen Custard, and More","A la Mode: 120 Recipes in 60 Pairings: Pies, Tarts, Cakes, Crisps, and More Topped with Ice Cream, Gelato, Frozen Custard, and More",£38.77
Troublemaker: Surviving Hollywood and Scientology,Troublemaker: Surviving Hollywood and Scientology,£48.39
The Widow,The Widow,£27.26
"The Sleep Revolution: Transforming Your Life, One Night at a Time","The Sleep Revolution: Transforming Your Life, One Night at a Time",£11.68
The Improbability of Love,The Improbability of Love,£59.45
The Art of Startup Fundraising,The Art of Startup Fundraising,£21.00
Take Me Home Tonight (Rock Star Romance #3),Take Me Home Tonight (Rock Star Romance #3),£53.98
Sleeping Giants (Themis Files #1),Sleeping Giants (Themis Files #1),£48.74
"Setting the World on Fire: The Brief, Astonishing Life of St. Catherine of Siena","Setting the World on Fire: The Brief, Astonishing Life of St. Catherine of Siena",£21.15
Playing with Fire,Playing with Fire,£13.71
Off the Hook (Fishing for Trouble #1),Off the Hook (Fishing for Trouble #1),£47.67
Mothering Sunday,Mothering Sunday,£13.34
"Mother, Can You Not?","Mother, Can You Not?",£16.89
M Train,M Train,£27.18
Lilac Girls,Lilac Girls,£17.28
Lies and Other Acts of Love,Lies and Other Acts of Love,£45.14
Lab Girl,Lab Girl,£40.85
Keep Me Posted,Keep Me Posted,£20.46
It Didn't Start with You: How Inherited Family Trauma Shapes Who We Are and How to End the Cycle,It Didn't Start with You: How Inherited Family Trauma Shapes Who We Are and How to End the Cycle,£56.27
Grey (Fifty Shades #4),Grey (Fifty Shades #4),£48.49
"Exit, Pursued by a Bear","Exit, Pursued by a Bear",£51.34
Daredevils,Daredevils,£16.34
Cravings: Recipes for What You Want to Eat,Cravings: Recipes for What You Want to Eat,£20.50
Born for This: How to Find the Work You Were Meant to Do,Born for This: How to Find the Work You Were Meant to Do,£21.59
Arena,Arena,£21.36
Adultery,Adultery,£20.88
A Mother's Reckoning: Living in the Aftermath of Tragedy,A Mother's Reckoning: Living in the Aftermath of Tragedy,£19.53
A Gentleman's Position (Society of Gentlemen #3),A Gentleman's Position (Society of Gentlemen #3),£14.75
11/22/63,11/22/63,£48.48
"10% Happier: How I Tamed the Voice in My Head, Reduced Stress Without Losing My Edge, and Found Self-Help That Actually Works","10% Happier: How I Tamed the Voice in My Head, Reduced Stress Without Losing My Edge, and Found Self-Help That Actually Works",£24.57
10-Day Green Smoothie Cleanse: Lose Up to 15 Pounds in 10 Days!,10-Day Green Smoothie Cleanse: Lose Up to 15 Pounds in 10 Days!,£49.71
Without Shame,Without Shame,£48.27
Watchmen,Watchmen,£58.05
Unlimited Intuition Now,Unlimited Intuition Now,£58.87
Underlying Notes,Underlying Notes,£11.82
The Shack,The Shack,£28.03
The New Brand You: Your New Image Makes the Sale for You,The New Brand You: Your New Image Makes the Sale for You,£44.05
"The Moosewood Cookbook: Recipes from Moosewood Restaurant, Ithaca, New York","The Moosewood Cookbook: Recipes from Moosewood Restaurant, Ithaca, New York",£12.34
The Flowers Lied,The Flowers Lied,£16.68
"The Fabric of the Cosmos: Space, Time, and the Texture of Reality","The Fabric of the Cosmos: Space, Time, and the Texture of Reality",£55.91
The Book of Mormon,The Book of Mormon,£24.57
The Art and Science of Low Carbohydrate Living,The Art and Science of Low Carbohydrate Living,£52.98
The Alien Club,The Alien Club,£54.40
Suzie Snowflake: One beautiful flake (a self-esteem story),Suzie Snowflake: One beautiful flake (a self-esteem story),£54.81
Nap-a-Roo,Nap-a-Roo,£25.08
"NaNo What Now? Finding your editing process, revising your NaNoWriMo book and building a writing career through publishing and beyond","NaNo What Now? Finding your editing process, revising your NaNoWriMo book and building a writing career through publishing and beyond",£10.41
Modern Day Fables,Modern Day Fables,£47.44
If I Gave You God's Phone Number....: Searching for Spirituality in America,If I Gave You God's Phone Number....: Searching for Spirituality in America,£20.91
"Fruits Basket, Vol. 9 (Fruits Basket #9)","Fruits Basket, Vol. 9 (Fruits Basket #9)",£33.95
Dress Your Family in Corduroy and Denim,Dress Your Family in Corduroy and Denim,£43.68
Don't Forget Steven,Don't Forget Steven,£33.23
Chernobyl 01:23:40: The Incredible True Story of the World's Worst Nuclear Disaster,Chernobyl 01:23:40: The Incredible True Story of the World's Worst Nuclear Disaster,£35.92
Art and Fear: Observations on the Perils (and Rewards) of Artmaking,Art and Fear: Observations on the Perils (and Rewards) of Artmaking,£48.63
A Shard of Ice (The Black Symphony Saga #1),A Shard of Ice (The Black Symphony Saga #1),£56.63
A Hero's Curse (The Unseen Chronicles #1),A Hero's Curse (The Unseen Chronicles #1),£50.49
23 Degrees South: A Tropical Tale of Changing Whether...,23 Degrees South: A Tropical Tale of Changing Whether...,£35.79
"Zero to One: Notes on Startups, or How to Build the Future","Zero to One: Notes on Startups, or How to Build the Future",£34.06
Why Not Me?,Why Not Me?,£17.76
When Breath Becomes Air,When Breath Becomes Air,£39.36
Vagabonding: An Uncommon Guide to the Art of Long-Term World Travel,Vagabonding: An Uncommon Guide to the Art of Long-Term World Travel,£36.94
The Unlikely Pilgrimage of Harold Fry (Harold Fry #1),The Unlikely Pilgrimage of Harold Fry (Harold Fry #1),£43.62
The New Drawing on the Right Side of the Brain,The New Drawing on the Right Side of the Brain,£43.02
"The Midnight Assassin: Panic, Scandal, and the Hunt for America's First Serial Killer","The Midnight Assassin: Panic, Scandal, and the Hunt for America's First Serial Killer",£28.45
The Martian (The Martian #1),The Martian (The Martian #1),£41.39
The High Mountains of Portugal,The High Mountains of Portugal,£51.15
The Grownup,The Grownup,£35.88
The E-Myth Revisited: Why Most Small Businesses Don't Work and What to Do About It,The E-Myth Revisited: Why Most Small Businesses Don't Work and What to Do About It,£36.91
South of Sunshine,South of Sunshine,£28.93
Smarter Faster Better: The Secrets of Being Productive in Life and Business,Smarter Faster Better: The Secrets of Being Productive in Life and Business,£38.89
Silence in the Dark (Logan Point #4),Silence in the Dark (Logan Point #4),£58.33
Shadows of the Past (Logan Point #1),Shadows of the Past (Logan Point #1),£39.67
Roller Girl,Roller Girl,£14.10
Rising Strong,Rising Strong,£21.82
Proofs of God: Classical Arguments from Tertullian to Barth,Proofs of God: Classical Arguments from Tertullian to Barth,£54.21
Please Kill Me: The Uncensored Oral History of Punk,Please Kill Me: The Uncensored Oral History of Punk,£31.19
Out of Print: City Lights Spotlight No. 14,Out of Print: City Lights Spotlight No. 14,£53.64
My Life Next Door (My Life Next Door ),My Life Next Door (My Life Next Door ),£36.39
Miller's Valley,Miller's Valley,£58.54
Man's Search for Meaning,Man's Search for Meaning,£29.48
"Love That Boy: What Two Presidents, Eight Road Trips, and My Son Taught Me About a Parent's Expectations","Love That Boy: What Two Presidents, Eight Road Trips, and My Son Taught Me About a Parent's Expectations",£25.06
Living Forward: A Proven Plan to Stop Drifting and Get the Life You Want,Living Forward: A Proven Plan to Stop Drifting and Get the Life You Want,£12.55
Les Fleurs du Mal,Les Fleurs du Mal,£29.04
Left Behind (Left Behind #1),Left Behind (Left Behind #1),£40.72
Kill 'Em and Leave: Searching for James Brown and the American Soul,Kill 'Em and Leave: Searching for James Brown and the American Soul,£45.05
Kierkegaard: A Christian Missionary to Christians,Kierkegaard: A Christian Missionary to Christians,£47.13
John Vassos: Industrial Design for Modern Life,John Vassos: Industrial Design for Modern Life,£20.22
I'll Give You the Sun,I'll Give You the Sun,£56.48
I Will Find You,I Will Find You,£44.21
Hystopia: A Novel,Hystopia: A Novel,£21.96
Howl and Other Poems,Howl and Other Poems,£40.45
History of Beauty,History of Beauty,£10.29
Heaven is for Real: A Little Boy's Astounding Story of His Trip to Heaven and Back,Heaven is for Real: A Little Boy's Astounding Story of His Trip to Heaven and Back,£52.86
Future Shock (Future Shock #1),Future Shock (Future Shock #1),£55.65
Ender's Game (The Ender Quintet #1),Ender's Game (The Ender Quintet #1),£43.64
Diary of a Citizen Scientist: Chasing Tiger Beetles and Other New Ways of Engaging the World,Diary of a Citizen Scientist: Chasing Tiger Beetles and Other New Ways of Engaging the World,£28.41
Death by Leisure: A Cautionary Tale,Death by Leisure: A Cautionary Tale,£37.51
Brilliant Beacons: A History of the American Lighthouse,Brilliant Beacons: A History of the American Lighthouse,£11.45
Brazen: The Courage to Find the You That's Been Hiding,Brazen: The Courage to Find the You That's Been Hiding,£19.22
Between the World and Me,Between the World and Me,£56.91
Being Mortal: Medicine and What Matters in the End,Being Mortal: Medicine and What Matters in the End,£55.06
"A Murder Over a Girl: Justice, Gender, Junior High","A Murder Over a Girl: Justice, Gender, Junior High",£13.20
32 Yolks,32 Yolks,£53.63
"""Most Blessed of the Patriarchs"": Thomas Jefferson and the Empire of the Imagination","""Most Blessed of the Patriarchs"": Thomas Jefferson and the Empire of the Imagination",£44.48
You Are a Badass: How to Stop Doubting Your Greatness and Start Living an Awesome Life,You Are a Badass: How to Stop Doubting Your Greatness and Start Living an Awesome Life,£12.08
Wildlife of New York: A Five-Borough Coloring Book,Wildlife of New York: A Five-Borough Coloring Book,£22.14
What Happened on Beale Street (Secrets of the South Mysteries #2),What Happened on Beale Street (Secrets of the South Mysteries #2),£25.37
Unreasonable Hope: Finding Faith in the God Who Brings Purpose to Your Pain,Unreasonable Hope: Finding Faith in the God Who Brings Purpose to Your Pain,£46.33
Under the Tuscan Sun,Under the Tuscan Sun,£37.33
Toddlers Are A**holes: It's Not Your Fault,Toddlers Are A**holes: It's Not Your Fault,£25.55
The Year of Living Biblically: One Man's Humble Quest to Follow the Bible as Literally as Possible,The Year of Living Biblically: One Man's Humble Quest to Follow the Bible as Literally as Possible,£34.72
The Whale,The Whale,£35.96
The Story of Art,The Story of Art,£41.14
The Origin of Species,The Origin of Species,£10.01
The Great Gatsby,The Great Gatsby,£36.05
The Good Girl,The Good Girl,£49.03
The Glass Castle,The Glass Castle,£16.24
The Faith of Christopher Hitchens: The Restless Soul of the World's Most Notorious Atheist,The Faith of Christopher Hitchens: The Restless Soul of the World's Most Notorious Atheist,£39.55
The Drowning Girls,The Drowning Girls,£35.67
The Constant Princess (The Tudor Court #1),The Constant Princess (The Tudor Court #1),£16.62
The Bourne Identity (Jason Bourne #1),The Bourne Identity (Jason Bourne #1),£42.78
The Bachelor Girl's Guide to Murder (Herringford and Watts Mysteries #1),The Bachelor Girl's Guide to Murder (Herringford and Watts Mysteries #1),£52.30
The Art Book,The Art Book,£32.34
The 7 Habits of Highly Effective People: Powerful Lessons in Personal Change,The 7 Habits of Highly Effective People: Powerful Lessons in Personal Change,£33.17
Team of Rivals: The Political Genius of Abraham Lincoln,Team of Rivals: The Political Genius of Abraham Lincoln,£20.12
Steal Like an Artist: 10 Things Nobody Told You About Being Creative,Steal Like an Artist: 10 Things Nobody Told You About Being Creative,£20.90
"Sit, Stay, Love","Sit, Stay, Love",£20.90
Sister Dear,Sister Dear,£40.20
"Shrunken Treasures: Literary Classics, Short, Sweet, and Silly","Shrunken Treasures: Literary Classics, Short, Sweet, and Silly",£52.87
"Rich Dad, Poor Dad","Rich Dad, Poor Dad",£51.74
Raymie Nightingale,Raymie Nightingale,£34.41
Playing from the Heart,Playing from the Heart,£32.38
Nightstruck: A Novel,Nightstruck: A Novel,£50.35
"Naturally Lean: 125 Nourishing Gluten-Free, Plant-Based Recipes--All Under 300 Calories","Naturally Lean: 125 Nourishing Gluten-Free, Plant-Based Recipes--All Under 300 Calories",£11.38
Meternity,Meternity,£43.58
Memoirs of a Geisha,Memoirs of a Geisha,£49.67
Like Never Before (Walker Family #2),Like Never Before (Walker Family #2),£28.77
Life of Pi,Life of Pi,£13.22
Leave This Song Behind: Teen Poetry at Its Best,Leave This Song Behind: Teen Poetry at Its Best,£51.17
King's Folly (The Kinsman Chronicles #1),King's Folly (The Kinsman Chronicles #1),£39.61
John Adams,John Adams,£57.43
How to Cook Everything Vegetarian: Simple Meatless Recipes for Great Food (How to Cook Everything),How to Cook Everything Vegetarian: Simple Meatless Recipes for Great Food (How to Cook Everything),£46.01
How to Be a Domestic Goddess: Baking and the Art of Comfort Cooking,How to Be a Domestic Goddess: Baking and the Art of Comfort Cooking,£28.25
Good in Bed (Cannie Shapiro #1),Good in Bed (Cannie Shapiro #1),£37.05
"Fruits Basket, Vol. 7 (Fruits Basket #7)","Fruits Basket, Vol. 7 (Fruits Basket #7)",£19.57
For the Love: Fighting for Grace in a World of Impossible Standards,For the Love: Fighting for Grace in a World of Impossible Standards,£45.13
Finding God in the Ruins: How God Redeems Pain,Finding God in the Ruins: How God Redeems Pain,£46.64
Every Heart a Doorway (Every Heart A Doorway #1),Every Heart a Doorway (Every Heart A Doorway #1),£12.16
Delivering the Truth (Quaker Midwife Mystery #1),Delivering the Truth (Quaker Midwife Mystery #1),£20.89
Counted With the Stars (Out from Egypt #1),Counted With the Stars (Out from Egypt #1),£17.97
"Chronicles, Vol. 1","Chronicles, Vol. 1",£52.60
Blue Like Jazz: Nonreligious Thoughts on Christian Spirituality,Blue Like Jazz: Nonreligious Thoughts on Christian Spirituality,£25.77
Benjamin Franklin: An American Life,Benjamin Franklin: An American Life,£48.19
"At The Existentialist Café: Freedom, Being, and apricot cocktails with: Jean-Paul Sartre, Simone de Beauvoir, Albert Camus, Martin Heidegger, Edmund Husserl, Karl Jaspers, Maurice Merleau-Ponty and others","At The Existentialist Café: Freedom, Being, and apricot cocktails with: Jean-Paul Sartre, Simone de Beauvoir, Albert Camus, Martin Heidegger, Edmund Husserl, Karl Jaspers, Maurice Merleau-Ponty and others",£29.93
A Summer In Europe,A Summer In Europe,£44.34
A Short History of Nearly Everything,A Short History of Nearly Everything,£52.40
A Gathering of Shadows (Shades of Magic #2),A Gathering of Shadows (Shades of Magic #2),£44.81
The Sound Of Love,The Sound Of Love,£57.84
The Rise and Fall of the Third Reich: A History of Nazi Germany,The Rise and Fall of the Third Reich: A History of Nazi Germany,£39.67
The Perks of Being a Wallflower,The Perks of Being a Wallflower,£55.02
The Mysterious Affair at Styles (Hercule Poirot #1),The Mysterious Affair at Styles (Hercule Poirot #1),£24.80
The Man Who Mistook His Wife for a Hat and Other Clinical Tales,The Man Who Mistook His Wife for a Hat and Other Clinical Tales,£59.45
The Makings of a Fatherless Child,The Makings of a Fatherless Child,£31.58
The Joy of Cooking,The Joy of Cooking,£43.27
The Invention of Wings,The Invention of Wings,£37.34
The Hobbit (Middle-Earth Universe),The Hobbit (Middle-Earth Universe),£17.80
The Great Railway Bazaar,The Great Railway Bazaar,£30.54
The Golden Compass (His Dark Materials #1),The Golden Compass (His Dark Materials #1),£18.77
The God Delusion,The God Delusion,£46.85
The Girl You Left Behind (The Girl You Left Behind #1),The Girl You Left Behind (The Girl You Left Behind #1),£15.79
The Fellowship of the Ring (The Lord of the Rings #1),The Fellowship of the Ring (The Lord of the Rings #1),£10.27
The Collected Poems of W.B. Yeats (The Collected Works of W.B. Yeats #1),The Collected Poems of W.B. Yeats (The Collected Works of W.B. Yeats #1),£15.42
The Barefoot Contessa Cookbook,The Barefoot Contessa Cookbook,£59.92
Tell the Wolves I'm Home,Tell the Wolves I'm Home,£50.96
Ship Leaves Harbor: Essays on Travel by a Recovering Journeyman,Ship Leaves Harbor: Essays on Travel by a Recovering Journeyman,£30.60
Pride and Prejudice,Pride and Prejudice,£19.27
Musicophilia: Tales of Music and the Brain,Musicophilia: Tales of Music and the Brain,£46.58
Mere Christianity,Mere Christianity,£48.51
Me Before You (Me Before You #1),Me Before You (Me Before You #1),£19.02
In the Woods (Dublin Murder Squad #1),In the Woods (Dublin Murder Squad #1),£38.38
In Cold Blood,In Cold Blood,£49.98
How to Stop Worrying and Start Living,How to Stop Worrying and Start Living,£46.49
Give It Back,Give It Back,£18.32
"Girl, Interrupted","Girl, Interrupted",£42.14
Fun Home: A Family Tragicomic,Fun Home: A Family Tragicomic,£56.59
"Fruits Basket, Vol. 6 (Fruits Basket #6)","Fruits Basket, Vol. 6 (Fruits Basket #6)",£20.96
Deception Point,Deception Point,£40.32
"Death Note, Vol. 6: Give-and-Take (Death Note #6)","Death Note, Vol. 6: Give-and-Take (Death Note #6)",£36.39
Catherine the Great: Portrait of a Woman,Catherine the Great: Portrait of a Woman,£58.55
Better Homes and Gardens New Cook Book,Better Homes and Gardens New Cook Book,£39.61
An Unquiet Mind: A Memoir of Moods and Madness,An Unquiet Mind: A Memoir of Moods and Madness,£21.30
A Year in Provence (Provence #1),A Year in Provence (Provence #1),£56.88
World Without End (The Pillars of the Earth #2),World Without End (The Pillars of the Earth #2),£32.97
"Will Grayson, Will Grayson (Will Grayson, Will Grayson)","Will Grayson, Will Grayson (Will Grayson, Will Grayson)",£47.31
Why Save the Bankers?: And Other Essays on Our Economic and Political Crisis,Why Save the Bankers?: And Other Essays on Our Economic and Political Crisis,£48.67
Where She Went (If I Stay #2),Where She Went (If I Stay #2),£41.73
What If?: Serious Scientific Answers to Absurd Hypothetical Questions,What If?: Serious Scientific Answers to Absurd Hypothetical Questions,£53.68
Two Summers,Two Summers,£14.64
This Is Your Brain on Music: The Science of a Human Obsession,This Is Your Brain on Music: The Science of a Human Obsession,£38.40
The Secret Garden,The Secret Garden,£15.08
The Raven King (The Raven Cycle #4),The Raven King (The Raven Cycle #4),£30.57
The Raven Boys (The Raven Cycle #1),The Raven Boys (The Raven Cycle #1),£57.74
The Power Greens Cookbook: 140 Delicious Superfood Recipes,The Power Greens Cookbook: 140 Delicious Superfood Recipes,£11.05
The Metamorphosis,The Metamorphosis,£28.58
The Mathews Men: Seven Brothers and the War Against Hitler's U-boats,The Mathews Men: Seven Brothers and the War Against Hitler's U-boats,£42.91
The Little Paris Bookshop,The Little Paris Bookshop,£24.73
The Hiding Place,The Hiding Place,£55.91
The Grand Design,The Grand Design,£13.76
The Firm,The Firm,£45.56
The Fault in Our Stars,The Fault in Our Stars,£47.22
The False Prince (The Ascendance Trilogy #1),The False Prince (The Ascendance Trilogy #1),£56.00
The Expatriates,The Expatriates,£44.58
The Dream Thieves (The Raven Cycle #2),The Dream Thieves (The Raven Cycle #2),£34.50
The Darkest Corners,The Darkest Corners,£11.33
The Crossover,The Crossover,£38.77
The 5th Wave (The 5th Wave #1),The 5th Wave (The 5th Wave #1),£11.83
Tell the Wind and Fire,Tell the Wind and Fire,£45.51
Tell Me Three Things,Tell Me Three Things,£41.81
Talking to Girls About Duran Duran: One Young Man's Quest for True Love and a Cooler Haircut,Talking to Girls About Duran Duran: One Young Man's Quest for True Love and a Cooler Haircut,£25.15
Siddhartha,Siddhartha,£34.22
Shiver (The Wolves of Mercy Falls #1),Shiver (The Wolves of Mercy Falls #1),£16.23
Remember Me?,Remember Me?,£11.48
Red Dragon (Hannibal Lecter #1),Red Dragon (Hannibal Lecter #1),£23.37
Peak: Secrets from the New Science of Expertise,Peak: Secrets from the New Science of Expertise,£16.28
My Mother Was Nuts,My Mother Was Nuts,£31.63
Mexican Today: New and Rediscovered Recipes for Contemporary Kitchens,Mexican Today: New and Rediscovered Recipes for Contemporary Kitchens,£24.91
Maybe Something Beautiful: How Art Transformed a Neighborhood,Maybe Something Beautiful: How Art Transformed a Neighborhood,£22.54
Lola and the Boy Next Door (Anna and the French Kiss #2),Lola and the Boy Next Door (Anna and the French Kiss #2),£23.63
Logan Kade (Fallen Crest High #5.5),Logan Kade (Fallen Crest High #5.5),£13.12
Last One Home (New Beginnings #1),Last One Home (New Beginnings #1),£59.98
Killing Floor (Jack Reacher #1),Killing Floor (Jack Reacher #1),£31.49
Kill the Boy Band,Kill the Boy Band,£15.52
Isla and the Happily Ever After (Anna and the French Kiss #3),Isla and the Happily Ever After (Anna and the French Kiss #3),£48.13
If I Stay (If I Stay #1),If I Stay (If I Stay #1),£38.13
I Know Why the Caged Bird Sings (Maya Angelou's Autobiography #1),I Know Why the Caged Bird Sings (Maya Angelou's Autobiography #1),£36.55
Harry Potter and the Deathly Hallows (Harry Potter #7),Harry Potter and the Deathly Hallows (Harry Potter #7),£23.32
"Fruits Basket, Vol. 5 (Fruits Basket #5)","Fruits Basket, Vol. 5 (Fruits Basket #5)",£16.33
Foundation (Foundation (Publication Order) #1),Foundation (Foundation (Publication Order) #1),£32.42
Fool Me Once,Fool Me Once,£16.96
Find Her (Detective D.D. Warren #8),Find Her (Detective D.D. Warren #8),£22.37
Evicted: Poverty and Profit in the American City,Evicted: Poverty and Profit in the American City,£42.27
Drama,Drama,£38.70
Dracula the Un-Dead,Dracula the Un-Dead,£35.63
Digital Fortress,Digital Fortress,£58.00
"Death Note, Vol. 5: Whiteout (Death Note #5)","Death Note, Vol. 5: Whiteout (Death Note #5)",£52.41
"Data, A Love Story: How I Gamed Online Dating to Meet My Match","Data, A Love Story: How I Gamed Online Dating to Meet My Match",£32.35
Critique of Pure Reason,Critique of Pure Reason,£20.75
Booked,Booked,£17.49
"Blue Lily, Lily Blue (The Raven Cycle #3)","Blue Lily, Lily Blue (The Raven Cycle #3)",£34.13
Approval Junkie: Adventures in Caring Too Much,Approval Junkie: Adventures in Caring Too Much,£58.81
An Abundance of Katherines,An Abundance of Katherines,£10.00
America's War for the Greater Middle East: A Military History,America's War for the Greater Middle East: A Military History,£51.22
Alight (The Generations Trilogy #2),Alight (The Generations Trilogy #2),£58.59
A Girl's Guide to Moving On (New Beginnings #2),A Girl's Guide to Moving On (New Beginnings #2),£31.30
A Game of Thrones (A Song of Ice and Fire #1),A Game of Thrones (A Song of Ice and Fire #1),£46.42
A Feast for Crows (A Song of Ice and Fire #4),A Feast for Crows (A Song of Ice and Fire #4),£17.21
A Clash of Kings (A Song of Ice and Fire #2),A Clash of Kings (A Song of Ice and Fire #2),£10.79
Vogue Colors A to Z: A Fashion Coloring Book,Vogue Colors A to Z: A Fashion Coloring Book,£52.35
The Shining (The Shining #1),The Shining (The Shining #1),£27.88
The Pilgrim's Progress,The Pilgrim's Progress,£50.26
The Perfect Play (Play by Play #1),The Perfect Play (Play by Play #1),£59.99
The Passion of Dolssa,The Passion of Dolssa,£28.32
The Jazz of Physics: The Secret Link Between Music and the Structure of the Universe,The Jazz of Physics: The Secret Link Between Music and the Structure of the Universe,£38.71
The Hunger Games (The Hunger Games #1),The Hunger Games (The Hunger Games #1),£29.85
The Hound of the Baskervilles (Sherlock Holmes #5),The Hound of the Baskervilles (Sherlock Holmes #5),£14.82
The Gunning of America: Business and the Making of American Gun Culture,The Gunning of America: Business and the Making of American Gun Culture,£16.81
The Geography of Bliss: One Grump's Search for the Happiest Places in the World,The Geography of Bliss: One Grump's Search for the Happiest Places in the World,£28.23
The Demonists (Demonist #1),The Demonists (Demonist #1),£52.11
"The Demon Prince of Momochi House, Vol. 4 (The Demon Prince of Momochi House #4)","The Demon Prince of Momochi House, Vol. 4 (The Demon Prince of Momochi House #4)",£27.88
The Bone Hunters (Lexy Vaughan & Steven Macaulay #2),The Bone Hunters (Lexy Vaughan & Steven Macaulay #2),£59.71
The Beast (Black Dagger Brotherhood #14),The Beast (Black Dagger Brotherhood #14),£46.08
Some Women,Some Women,£13.73
Shopaholic Ties the Knot (Shopaholic #3),Shopaholic Ties the Knot (Shopaholic #3),£48.39
Paper and Fire (The Great Library #2),Paper and Fire (The Great Library #2),£49.45
Outlander (Outlander #1),Outlander (Outlander #1),£19.67
"Orchestra of Exiles: The Story of Bronislaw Huberman, the Israel Philharmonic, and the One Thousand Jews He Saved from Nazi Horrors","Orchestra of Exiles: The Story of Bronislaw Huberman, the Israel Philharmonic, and the One Thousand Jews He Saved from Nazi Horrors",£12.36
No One Here Gets Out Alive,No One Here Gets Out Alive,£20.02
Night Shift (Night Shift #1-20),Night Shift (Night Shift #1-20),£12.75
Needful Things,Needful Things,£47.51
Mockingjay (The Hunger Games #3),Mockingjay (The Hunger Games #3),£20.44
Misery,Misery,£34.79
Little Women (Little Women #1),Little Women (Little Women #1),£28.07
It,It,£25.01
Harry Potter and the Sorcerer's Stone (Harry Potter #1),Harry Potter and the Sorcerer's Stone (Harry Potter #1),£13.90
Harry Potter and the Prisoner of Azkaban (Harry Potter #3),Harry Potter and the Prisoner of Azkaban (Harry Potter #3),£24.17
Harry Potter and the Order of the Phoenix (Harry Potter #5),Harry Potter and the Order of the Phoenix (Harry Potter #5),£31.63
Harry Potter and the Half-Blood Prince (Harry Potter #6),Harry Potter and the Half-Blood Prince (Harry Potter #6),£48.75
Harry Potter and the Chamber of Secrets (Harry Potter #2),Harry Potter and the Chamber of Secrets (Harry Potter #2),£14.74
Gone with the Wind,Gone with the Wind,£32.49
God Is Not Great: How Religion Poisons Everything,God Is Not Great: How Religion Poisons Everything,£27.80
Girl With a Pearl Earring,Girl With a Pearl Earring,£26.77
"Fruits Basket, Vol. 4 (Fruits Basket #4)","Fruits Basket, Vol. 4 (Fruits Basket #4)",£50.44
Far From True (Promise Falls Trilogy #2),Far From True (Promise Falls Trilogy #2),£34.93
Dark Lover (Black Dagger Brotherhood #1),Dark Lover (Black Dagger Brotherhood #1),£12.87
Confessions of a Shopaholic (Shopaholic #1),Confessions of a Shopaholic (Shopaholic #1),£48.94
Changing the Game (Play by Play #2),Changing the Game (Play by Play #2),£13.38
Candide,Candide,£58.63
Can You Keep a Secret?,Can You Keep a Secret?,£21.94
Atlas Shrugged,Atlas Shrugged,£26.58
Animal Farm,Animal Farm,£57.22
A Walk to Remember,A Walk to Remember,£56.43
A New Earth: Awakening to Your Life's Purpose,A New Earth: Awakening to Your Life's Purpose,£55.65
"A History of God: The 4,000-Year Quest of Judaism, Christianity, and Islam","A History of God: The 4,000-Year Quest of Judaism, Christianity, and Islam",£27.62
'Salem's Lot,'Salem's Lot,£49.56
Zero History (Blue Ant #3),Zero History (Blue Ant #3),£34.77
Wuthering Heights,Wuthering Heights,£17.73
World War Z: An Oral History of the Zombie War,World War Z: An Oral History of the Zombie War,£21.80
Wild: From Lost to Found on the Pacific Crest Trail,Wild: From Lost to Found on the Pacific Crest Trail,£46.02
"Where'd You Go, Bernadette","Where'd You Go, Bernadette",£18.13
When You Are Engulfed in Flames,When You Are Engulfed in Flames,£30.89
We the People: The Modern-Day Figures Who Have Reshaped and Affirmed the Founding Fathers' Vision of America,We the People: The Modern-Day Figures Who Have Reshaped and Affirmed the Founding Fathers' Vision of America,£31.95
We Are All Completely Beside Ourselves,We Are All Completely Beside Ourselves,£24.04
Walk the Edge (Thunder Road #2),Walk the Edge (Thunder Road #2),£32.36
Voyager (Outlander #3),Voyager (Outlander #3),£21.07
Very Good Lives: The Fringe Benefits of Failure and the Importance of Imagination,Very Good Lives: The Fringe Benefits of Failure and the Importance of Imagination,£50.66
Vegan Vegetarian Omnivore: Dinner for Everyone at the Table,Vegan Vegetarian Omnivore: Dinner for Everyone at the Table,£13.66
"Unstuffed: Decluttering Your Home, Mind, and Soul","Unstuffed: Decluttering Your Home, Mind, and Soul",£58.09
Under the Banner of Heaven: A Story of Violent Faith,Under the Banner of Heaven: A Story of Violent Faith,£30.00
Two Boys Kissing,Two Boys Kissing,£32.74
Twilight (Twilight #1),Twilight (Twilight #1),£41.93
Twenties Girl,Twenties Girl,£42.80
"Trespassing Across America: One Man's Epic, Never-Done-Before (and Sort of Illegal) Hike Across the Heartland","Trespassing Across America: One Man's Epic, Never-Done-Before (and Sort of Illegal) Hike Across the Heartland",£53.51
Three-Martini Lunch,Three-Martini Lunch,£23.21
"Thinking, Fast and Slow","Thinking, Fast and Slow",£21.14
The Wild Robot,The Wild Robot,£56.07
"The Wicked + The Divine, Vol. 3: Commercial Suicide (The Wicked + The Divine)","The Wicked + The Divine, Vol. 3: Commercial Suicide (The Wicked + The Divine)",£14.41
The Undomestic Goddess,The Undomestic Goddess,£45.75
The Travelers,The Travelers,£15.77
The Tipping Point: How Little Things Can Make a Big Difference,The Tipping Point: How Little Things Can Make a Big Difference,£10.02
The Thing About Jellyfish,The Thing About Jellyfish,£48.77
The Stand,The Stand,£57.86
The Smitten Kitchen Cookbook,The Smitten Kitchen Cookbook,£23.59
The Silkworm (Cormoran Strike #2),The Silkworm (Cormoran Strike #2),£23.05
"The Sandman, Vol. 3: Dream Country (The Sandman (volumes) #3)","The Sandman, Vol. 3: Dream Country (The Sandman (volumes) #3)",£55.55
The Rose & the Dagger (The Wrath and the Dawn #2),The Rose & the Dagger (The Wrath and the Dawn #2),£58.64
The Road to Little Dribbling: Adventures of an American in Britain (Notes From a Small Island #2),The Road to Little Dribbling: Adventures of an American in Britain (Notes From a Small Island #2),£23.21
The Rise of Theodore Roosevelt (Theodore Roosevelt #1),The Rise of Theodore Roosevelt (Theodore Roosevelt #1),£42.57
The Restaurant at the End of the Universe (Hitchhiker's Guide to the Galaxy #2),The Restaurant at the End of the Universe (Hitchhiker's Guide to the Galaxy #2),£10.92
The Rest Is Noise: Listening to the Twentieth Century,The Rest Is Noise: Listening to the Twentieth Century,£34.77
The Red Tent,The Red Tent,£35.66
The Purpose Driven Life: What on Earth Am I Here for?,The Purpose Driven Life: What on Earth Am I Here for?,£37.19
The Purest Hook (Second Circle Tattoos #3),The Purest Hook (Second Circle Tattoos #3),£12.25
The Picture of Dorian Gray,The Picture of Dorian Gray,£29.70
The Paris Wife,The Paris Wife,£36.80
The Obsession,The Obsession,£45.43
The Nightingale,The Nightingale,£26.26
The New Guy (and Other Senior Year Distractions),The New Guy (and Other Senior Year Distractions),£44.92
The Nanny Diaries (Nanny #1),The Nanny Diaries (Nanny #1),£52.53
The Name of God is Mercy,The Name of God is Mercy,£37.25
The Maze Runner (The Maze Runner #1),The Maze Runner (The Maze Runner #1),£20.93
The Lover's Dictionary,The Lover's Dictionary,£58.09
The Lonely Ones,The Lonely Ones,£43.59
The Lean Startup: How Today's Entrepreneurs Use Continuous Innovation to Create Radically Successful Businesses,The Lean Startup: How Today's Entrepreneurs Use Continuous Innovation to Create Radically Successful Businesses,£33.92
The Last Painting of Sara de Vos,The Last Painting of Sara de Vos,£55.55
"The Land of 10,000 Madonnas","The Land of 10,000 Madonnas",£29.64
The Infinities,The Infinities,£27.41
The Husband's Secret,The Husband's Secret,£52.51
The Hitchhiker's Guide to the Galaxy (Hitchhiker's Guide to the Galaxy #1),The Hitchhiker's Guide to the Galaxy (Hitchhiker's Guide to the Galaxy #1),£47.80
The Guns of August,The Guns of August,£14.54
The Guernsey Literary and Potato Peel Pie Society,The Guernsey Literary and Potato Peel Pie Society,£49.53
The Goldfinch,The Goldfinch,£43.58
The Giver (The Giver Quartet #1),The Giver (The Giver Quartet #1),£12.30
The Girl with All the Gifts,The Girl with All the Gifts,£49.47
The Girl Who Played with Fire (Millennium Trilogy #2),The Girl Who Played with Fire (Millennium Trilogy #2),£22.14
The Girl Who Kicked the Hornet's Nest (Millennium Trilogy #3),The Girl Who Kicked the Hornet's Nest (Millennium Trilogy #3),£57.48
The Exiled,The Exiled,£43.45
"The End of Faith: Religion, Terror, and the Future of Reason","The End of Faith: Religion, Terror, and the Future of Reason",£22.13
"The Elegant Universe: Superstrings, Hidden Dimensions, and the Quest for the Ultimate Theory","The Elegant Universe: Superstrings, Hidden Dimensions, and the Quest for the Ultimate Theory",£13.03
"The Disappearing Spoon: And Other True Tales of Madness, Love, and the History of the World from the Periodic Table of the Elements","The Disappearing Spoon: And Other True Tales of Madness, Love, and the History of the World from the Periodic Table of the Elements",£57.35
The Devil Wears Prada (The Devil Wears Prada #1),The Devil Wears Prada (The Devil Wears Prada #1),£44.29
The Demon-Haunted World: Science as a Candle in the Dark,The Demon-Haunted World: Science as a Candle in the Dark,£52.25
The Day the Crayons Came Home (Crayons),The Day the Crayons Came Home (Crayons),£26.33
The Da Vinci Code (Robert Langdon #2),The Da Vinci Code (Robert Langdon #2),£22.96
The Cuckoo's Calling (Cormoran Strike #1),The Cuckoo's Calling (Cormoran Strike #1),£19.21
The Complete Stories and Poems (The Works of Edgar Allan Poe [Cameo Edition]),The Complete Stories and Poems (The Works of Edgar Allan Poe [Cameo Edition]),£26.78
The Complete Poems,The Complete Poems,£41.32
The Catcher in the Rye,The Catcher in the Rye,£24.55
The Cat in the Hat (Beginner Books B-1),The Cat in the Hat (Beginner Books B-1),£16.26
The Case for Christ (Cases for Christianity),The Case for Christ (Cases for Christianity),£47.84
The Book Thief,The Book Thief,£53.49
The Book of Basketball: The NBA According to The Sports Guy,The Book of Basketball: The NBA According to The Sports Guy,£44.84
The Blind Side: Evolution of a Game,The Blind Side: Evolution of a Game,£53.71
The Autobiography of Malcolm X,The Autobiography of Malcolm X,£23.43
"The Art of Simple Food: Notes, Lessons, and Recipes from a Delicious Revolution","The Art of Simple Food: Notes, Lessons, and Recipes from a Delicious Revolution",£34.32
The Art of Fielding,The Art of Fielding,£22.10
"Surely You're Joking, Mr. Feynman!: Adventures of a Curious Character","Surely You're Joking, Mr. Feynman!: Adventures of a Curious Character",£25.83
Stiff: The Curious Lives of Human Cadavers,Stiff: The Curious Lives of Human Cadavers,£36.74
Spilled Milk: Based on a True Story,Spilled Milk: Based on a True Story,£49.51
Something Borrowed (Darcy & Rachel #1),Something Borrowed (Darcy & Rachel #1),£48.96
Something Blue (Darcy & Rachel #2),Something Blue (Darcy & Rachel #2),£54.62
Soldier (Talon #3),Soldier (Talon #3),£24.72
Shopaholic & Baby (Shopaholic #5),Shopaholic & Baby (Shopaholic #5),£46.45
Seven Days in the Art World,Seven Days in the Art World,£52.33
Seven Brief Lessons on Physics,Seven Brief Lessons on Physics,£30.60
Scarlet (The Lunar Chronicles #2),Scarlet (The Lunar Chronicles #2),£14.57
Sarah's Key,Sarah's Key,£46.29
"Saga, Volume 3 (Saga (Collected Editions) #3)","Saga, Volume 3 (Saga (Collected Editions) #3)",£21.57
Running with Scissors,Running with Scissors,£12.91
Rogue Lawyer (Rogue Lawyer #1),Rogue Lawyer (Rogue Lawyer #1),£50.11
"Rise of the Rocket Girls: The Women Who Propelled Us, from Missiles to the Moon to Mars","Rise of the Rocket Girls: The Women Who Propelled Us, from Missiles to the Moon to Mars",£41.67
Rework,Rework,£44.88
Reservations for Two,Reservations for Two,£11.10
Red: The True Story of Red Riding Hood,Red: The True Story of Red Riding Hood,£28.54
Ready Player One,Ready Player One,£19.07
Quiet: The Power of Introverts in a World That Can't Stop Talking,Quiet: The Power of Introverts in a World That Can't Stop Talking,£43.55
Prodigy: The Graphic Novel (Legend: The Graphic Novel #2),Prodigy: The Graphic Novel (Legend: The Graphic Novel #2),£43.63
Persepolis: The Story of a Childhood (Persepolis #1-2),Persepolis: The Story of a Childhood (Persepolis #1-2),£39.13
Packing for Mars: The Curious Science of Life in the Void,Packing for Mars: The Curious Science of Life in the Void,£56.68
Outliers: The Story of Success,Outliers: The Story of Success,£14.16
Original Fake,Original Fake,£31.45
Orange Is the New Black,Orange Is the New Black,£24.61
One for the Money (Stephanie Plum #1),One for the Money (Stephanie Plum #1),£32.87
Notes from a Small Island (Notes From a Small Island #1),Notes from a Small Island (Notes From a Small Island #1),£40.17
Night (The Night Trilogy #1),Night (The Night Trilogy #1),£13.51
Neither Here nor There: Travels in Europe,Neither Here nor There: Travels in Europe,£38.95
Naked,Naked,£31.69
Morning Star (Red Rising #3),Morning Star (Red Rising #3),£29.40
"Miracles from Heaven: A Little Girl, Her Journey to Heaven, and Her Amazing Story of Healing","Miracles from Heaven: A Little Girl, Her Journey to Heaven, and Her Amazing Story of Healing",£57.83
Midnight Riot (Peter Grant/ Rivers of London - books #1),Midnight Riot (Peter Grant/ Rivers of London - books #1),£55.46
Me Talk Pretty One Day,Me Talk Pretty One Day,£57.60
Manuscript Found in Accra,Manuscript Found in Accra,£34.98
Lust & Wonder,Lust & Wonder,£11.87
Lila (Gilead #3),Lila (Gilead #3),£12.47
"Life, the Universe and Everything (Hitchhiker's Guide to the Galaxy #3)","Life, the Universe and Everything (Hitchhiker's Guide to the Galaxy #3)",£33.26
Life Without a Recipe,Life Without a Recipe,£59.04
Life After Life,Life After Life,£26.13
Letter to a Christian Nation,Letter to a Christian Nation,£22.20
Let's Pretend This Never Happened: A Mostly True Memoir,Let's Pretend This Never Happened: A Mostly True Memoir,£45.11
Legend (Legend #1),Legend (Legend #1),£43.69
"Lean In: Women, Work, and the Will to Lead","Lean In: Women, Work, and the Will to Lead",£25.02
"Lamb: The Gospel According to Biff, Christ's Childhood Pal","Lamb: The Gospel According to Biff, Christ's Childhood Pal",£55.50
Lady Renegades (Rebel Belle #3),Lady Renegades (Rebel Belle #3),£53.04
Jurassic Park (Jurassic Park #1),Jurassic Park (Jurassic Park #1),£44.97
It's Never Too Late to Begin Again: Discovering Creativity and Meaning at Midlife and Beyond,It's Never Too Late to Begin Again: Discovering Creativity and Meaning at Midlife and Beyond,£42.38
Is Everyone Hanging Out Without Me? (And Other Concerns),Is Everyone Hanging Out Without Me? (And Other Concerns),£20.11
Into the Wild,Into the Wild,£56.70
Inferno (Robert Langdon #4),Inferno (Robert Langdon #4),£41.00
"In the Garden of Beasts: Love, Terror, and an American Family in Hitler's Berlin","In the Garden of Beasts: Love, Terror, and an American Family in Hitler's Berlin",£28.85
If I Run (If I Run #1),If I Run (If I Run #1),£49.97
I've Got Your Number,I've Got Your Number,£19.69
I Am Malala: The Girl Who Stood Up for Education and Was Shot by the Taliban,I Am Malala: The Girl Who Stood Up for Education and Was Shot by the Taliban,£28.88
Hungry Girl Clean & Hungry: Easy All-Natural Recipes for Healthy Eating in the Real World,Hungry Girl Clean & Hungry: Easy All-Natural Recipes for Healthy Eating in the Real World,£33.14
"House of Lost Worlds: Dinosaurs, Dynasties, and the Story of Life on Earth","House of Lost Worlds: Dinosaurs, Dynasties, and the Story of Life on Earth",£43.70
House of Leaves,House of Leaves,£54.89
Horrible Bear!,Horrible Bear!,£37.52
Holidays on Ice,Holidays on Ice,£51.07
Heir to the Sky,Heir to the Sky,£44.07
Green Eggs and Ham (Beginner Books B-16),Green Eggs and Ham (Beginner Books B-16),£10.79
"Grayson, Vol 3: Nemesis (Grayson #3)","Grayson, Vol 3: Nemesis (Grayson #3)",£42.72
Gratitude,Gratitude,£26.66
Gone Girl,Gone Girl,£37.60
Golden (Heart of Dread #3),Golden (Heart of Dread #3),£42.21
Girl in the Blue Coat,Girl in the Blue Coat,£46.83
"Fruits Basket, Vol. 3 (Fruits Basket #3)","Fruits Basket, Vol. 3 (Fruits Basket #3)",£45.17
"Friday Night Lights: A Town, a Team, and a Dream","Friday Night Lights: A Town, a Team, and a Dream",£51.22
Fire Bound (Sea Haven/Sisters of the Heart #5),Fire Bound (Sea Haven/Sisters of the Heart #5),£21.28
Fifty Shades Freed (Fifty Shades #3),Fifty Shades Freed (Fifty Shades #3),£15.36
Fellside,Fellside,£38.62
Extreme Prey (Lucas Davenport #26),Extreme Prey (Lucas Davenport #26),£25.40
Eragon (The Inheritance Cycle #1),Eragon (The Inheritance Cycle #1),£43.87
Eclipse (Twilight #3),Eclipse (Twilight #3),£18.74
Dune (Dune #1),Dune (Dune #1),£54.86
Dracula,Dracula,£52.62
Do Androids Dream of Electric Sheep? (Blade Runner #1),Do Androids Dream of Electric Sheep? (Blade Runner #1),£51.48
Disrupted: My Misadventure in the Start-Up Bubble,Disrupted: My Misadventure in the Start-Up Bubble,£15.28
Dead Wake: The Last Crossing of the Lusitania,Dead Wake: The Last Crossing of the Lusitania,£39.24
"David and Goliath: Underdogs, Misfits, and the Art of Battling Giants","David and Goliath: Underdogs, Misfits, and the Art of Battling Giants",£17.81
Darkfever (Fever #1),Darkfever (Fever #1),£56.02
Dark Places,Dark Places,£23.90
Crazy Rich Asians (Crazy Rich Asians #1),Crazy Rich Asians (Crazy Rich Asians #1),£49.13
Counting Thyme,Counting Thyme,£10.62
Cosmos,Cosmos,£36.17
Civilization and Its Discontents,Civilization and Its Discontents,£59.95
Cinder (The Lunar Chronicles #1),Cinder (The Lunar Chronicles #1),£26.09
Catastrophic Happiness: Finding Joy in Childhood's Messy Years,Catastrophic Happiness: Finding Joy in Childhood's Messy Years,£37.35
Career of Evil (Cormoran Strike #3),Career of Evil (Cormoran Strike #3),£24.72
Breaking Dawn (Twilight #4),Breaking Dawn (Twilight #4),£35.28
Brave Enough,Brave Enough,£51.32
Boy Meets Boy,Boy Meets Boy,£21.12
"Born to Run: A Hidden Tribe, Superathletes, and the Greatest Race the World Has Never Seen","Born to Run: A Hidden Tribe, Superathletes, and the Greatest Race the World Has Never Seen",£27.35
Blink: The Power of Thinking Without Thinking,Blink: The Power of Thinking Without Thinking,£21.74
Black Flags: The Rise of ISIS,Black Flags: The Rise of ISIS,£40.87
"Black Butler, Vol. 1 (Black Butler #1)","Black Butler, Vol. 1 (Black Butler #1)",£49.31
Big Little Lies,Big Little Lies,£22.11
Between Shades of Gray,Between Shades of Gray,£20.79
Best of My Love (Fool's Gold #20),Best of My Love (Fool's Gold #20),£27.41
Beowulf,Beowulf,£38.35
Beautiful Creatures (Caster Chronicles #1),Beautiful Creatures (Caster Chronicles #1),£21.55
Awkward,Awkward,£38.02
Ash,Ash,£22.06
Are We There Yet?,Are We There Yet?,£10.66
Are We Smart Enough to Know How Smart Animals Are?,Are We Smart Enough to Know How Smart Animals Are?,£56.58
Annie on My Mind,Annie on My Mind,£36.83
And Then There Were None,And Then There Were None,£35.01
A Walk in the Woods: Rediscovering America on the Appalachian Trail,A Walk in the Woods: Rediscovering America on the Appalachian Trail,£30.48
A Visit from the Goon Squad,A Visit from the Goon Squad,£14.08
A Storm of Swords (A Song of Ice and Fire #3),A Storm of Swords (A Song of Ice and Fire #3),£31.22
A Heartbreaking Work of Staggering Genius,A Heartbreaking Work of Staggering Genius,£54.29
8 Keys to Mental Health Through Exercise,8 Keys to Mental Health Through Exercise,£31.04
#GIRLBOSS,#GIRLBOSS,£50.96
"The Suffragettes (Little Black Classics, #96)","The Suffragettes (Little Black Classics, #96)",£11.89
The Sense of an Ending,The Sense of an Ending,£31.38
"The Sandman, Vol. 2: The Doll's House (The Sandman (volumes) #2)","The Sandman, Vol. 2: The Doll's House (The Sandman (volumes) #2)",£54.81
The Course of Love,The Course of Love,£16.78
Sugar Rush (Offensive Line #2),Sugar Rush (Offensive Line #2),£24.42
"Saga, Volume 2 (Saga (Collected Editions) #2)","Saga, Volume 2 (Saga (Collected Editions) #2)",£11.75
"Run, Spot, Run: The Ethics of Keeping Pets","Run, Spot, Run: The Ethics of Keeping Pets",£20.02
New Moon (Twilight #2),New Moon (Twilight #2),£12.86
Life,Life,£31.58
Kindle Paperwhite User's Guide,Kindle Paperwhite User's Guide,£34.00
H is for Hawk,H is for Hawk,£57.42
Girl Online On Tour (Girl Online #2),Girl Online On Tour (Girl Online #2),£53.47
"Fruits Basket, Vol. 2 (Fruits Basket #2)","Fruits Basket, Vol. 2 (Fruits Basket #2)",£11.64
Diary of a Minecraft Zombie Book 1: A Scare of a Dare (An Unofficial Minecraft Book),Diary of a Minecraft Zombie Book 1: A Scare of a Dare (An Unofficial Minecraft Book),£52.88
"Y: The Last Man, Vol. 1: Unmanned (Y: The Last Man #1)","Y: The Last Man, Vol. 1: Unmanned (Y: The Last Man #1)",£18.51
While You Were Mine,While You Were Mine,£41.32
Where Lightning Strikes (Bleeding Stars #3),Where Lightning Strikes (Bleeding Stars #3),£39.77
When I'm Gone,When I'm Gone,£51.96
Ways of Seeing,Ways of Seeing,£39.51
"Vampire Knight, Vol. 1 (Vampire Knight #1)","Vampire Knight, Vol. 1 (Vampire Knight #1)",£15.40
Vampire Girl (Vampire Girl #1),Vampire Girl (Vampire Girl #1),£53.82
Twenty Love Poems and a Song of Despair,Twenty Love Poems and a Song of Despair,£30.95
Travels with Charley: In Search of America,Travels with Charley: In Search of America,£57.82
Three Wishes (River of Time: California #1),Three Wishes (River of Time: California #1),£44.18
This One Moment (Pushing Limits #1),This One Moment (Pushing Limits #1),£48.71
The Zombie Room,The Zombie Room,£19.69
"The Wicked + The Divine, Vol. 1: The Faust Act (The Wicked + The Divine)","The Wicked + The Divine, Vol. 1: The Faust Act (The Wicked + The Divine)",£36.52
The Tumor,The Tumor,£41.56
The Story of Hong Gildong,The Story of Hong Gildong,£43.19
The Silent Wife,The Silent Wife,£12.34
The Silent Twin (Detective Jennifer Knight #3),The Silent Twin (Detective Jennifer Knight #3),£36.25
The Selfish Gene,The Selfish Gene,£29.45
The Secret Healer,The Secret Healer,£34.56
"The Sandman, Vol. 1: Preludes and Nocturnes (The Sandman (volumes) #1)","The Sandman, Vol. 1: Preludes and Nocturnes (The Sandman (volumes) #1)",£54.12
The Republic,The Republic,£33.78
The Odyssey,The Odyssey,£29.64
The No. 1 Ladies' Detective Agency (No. 1 Ladies' Detective Agency #1),The No. 1 Ladies' Detective Agency (No. 1 Ladies' Detective Agency #1),£57.70
The Nicomachean Ethics,The Nicomachean Ethics,£36.34
The Name of the Wind (The Kingkiller Chronicle #1),The Name of the Wind (The Kingkiller Chronicle #1),£50.59
The Mirror & the Maze (The Wrath and the Dawn #1.5),The Mirror & the Maze (The Wrath and the Dawn #1.5),£29.38
The Little Prince,The Little Prince,£45.42
The Light of the Fireflies,The Light of the Fireflies,£54.43
The Last Girl (The Dominion Trilogy #1),The Last Girl (The Dominion Trilogy #1),£36.26
The Iliad,The Iliad,£16.16
The Hook Up (Game On #1),The Hook Up (Game On #1),£36.29
The Haters,The Haters,£27.89
The Girl You Lost,The Girl You Lost,£12.29
The Girl In The Ice (DCI Erika Foster #1),The Girl In The Ice (DCI Erika Foster #1),£15.85
The End of the Jesus Era (An Investigation #1),The End of the Jesus Era (An Investigation #1),£14.40
The Edge of Reason (Bridget Jones #2),The Edge of Reason (Bridget Jones #2),£19.18
The Complete Maus (Maus #1-2),The Complete Maus (Maus #1-2),£10.64
The Communist Manifesto,The Communist Manifesto,£14.76
The Bhagavad Gita,The Bhagavad Gita,£57.49
The Bette Davis Club,The Bette Davis Club,£30.66
The Art of Not Breathing,The Art of Not Breathing,£40.83
Taking Shots (Assassins #1),Taking Shots (Assassins #1),£18.88
Starlark,Starlark,£25.83
"Skip Beat!, Vol. 01 (Skip Beat! #1)","Skip Beat!, Vol. 01 (Skip Beat! #1)",£42.12
Sister Sable (The Mad Queen #1),Sister Sable (The Mad Queen #1),£13.33
Shatter Me (Shatter Me #1),Shatter Me (Shatter Me #1),£42.40
Shameless,Shameless,£58.35
Shadow Rites (Jane Yellowrock #10),Shadow Rites (Jane Yellowrock #10),£21.72
Settling the Score (The Summer Games #1),Settling the Score (The Summer Games #1),£44.91
Sense and Sensibility,Sense and Sensibility,£37.46
"Saga, Volume 1 (Saga (Collected Editions) #1)","Saga, Volume 1 (Saga (Collected Editions) #1)",£28.48
"Rhythm, Chord & Malykhin","Rhythm, Chord & Malykhin",£28.34
"Rat Queens, Vol. 1: Sass & Sorcery (Rat Queens (Collected Editions) #1-5)","Rat Queens, Vol. 1: Sass & Sorcery (Rat Queens (Collected Editions) #1-5)",£46.96
Paradise Lost (Paradise #1),Paradise Lost (Paradise #1),£24.96
"Paper Girls, Vol. 1 (Paper Girls #1-5)","Paper Girls, Vol. 1 (Paper Girls #1-5)",£21.71
"Ouran High School Host Club, Vol. 1 (Ouran High School Host Club #1)","Ouran High School Host Club, Vol. 1 (Ouran High School Host Club #1)",£29.87
Origins (Alphas 0.5),Origins (Alphas 0.5),£28.99
One Second (Seven #7),One Second (Seven #7),£52.94
On the Road (Duluoz Legend),On the Road (Duluoz Legend),£32.36
Old Records Never Die: One Man's Quest for His Vinyl and His Past,Old Records Never Die: One Man's Quest for His Vinyl and His Past,£55.66
Off Sides (Off #1),Off Sides (Off #1),£39.45
Of Mice and Men,Of Mice and Men,£47.11
Myriad (Prentor #1),Myriad (Prentor #1),£58.75
My Perfect Mistake (Over the Top #1),My Perfect Mistake (Over the Top #1),£38.92
"Ms. Marvel, Vol. 1: No Normal (Ms. Marvel (2014-2015) #1)","Ms. Marvel, Vol. 1: No Normal (Ms. Marvel (2014-2015) #1)",£39.39
Meditations,Meditations,£25.89
Matilda,Matilda,£28.34
Lost Among the Living,Lost Among the Living,£27.70
Lord of the Flies,Lord of the Flies,£24.89
Listen to Me (Fusion #1),Listen to Me (Fusion #1),£58.99
Kitchens of the Great Midwest,Kitchens of the Great Midwest,£57.20
Jane Eyre,Jane Eyre,£38.43
Imperfect Harmony,Imperfect Harmony,£34.74
Icing (Aces Hockey #2),Icing (Aces Hockey #2),£40.44
"Hawkeye, Vol. 1: My Life as a Weapon (Hawkeye #1)","Hawkeye, Vol. 1: My Life as a Weapon (Hawkeye #1)",£45.24
Having the Barbarian's Baby (Ice Planet Barbarians #7.5),Having the Barbarian's Baby (Ice Planet Barbarians #7.5),£34.96
"Giant Days, Vol. 1 (Giant Days #1-4)","Giant Days, Vol. 1 (Giant Days #1-4)",£56.76
"Fruits Basket, Vol. 1 (Fruits Basket #1)","Fruits Basket, Vol. 1 (Fruits Basket #1)",£40.28
Frankenstein,Frankenstein,£38.00
Forever Rockers (The Rocker #12),Forever Rockers (The Rocker #12),£28.80
Fighting Fate (Fighting #6),Fighting Fate (Fighting #6),£39.24
Emma,Emma,£32.93
"Eat, Pray, Love","Eat, Pray, Love",£51.32
Deep Under (Walker Security #1),Deep Under (Walker Security #1),£47.09
Choosing Our Religion: The Spiritual Lives of America's Nones,Choosing Our Religion: The Spiritual Lives of America's Nones,£28.42
Charlie and the Chocolate Factory (Charlie Bucket #1),Charlie and the Chocolate Factory (Charlie Bucket #1),£22.85
Charity's Cross (Charles Towne Belles #4),Charity's Cross (Charles Towne Belles #4),£41.24
Bright Lines,Bright Lines,£39.07
Bridget Jones's Diary (Bridget Jones #1),Bridget Jones's Diary (Bridget Jones #1),£29.82
Bounty (Colorado Mountain #7),Bounty (Colorado Mountain #7),£37.26
Blood Defense (Samantha Brinkman #1),Blood Defense (Samantha Brinkman #1),£20.30
"Bleach, Vol. 1: Strawberry and the Soul Reapers (Bleach #1)","Bleach, Vol. 1: Strawberry and the Soul Reapers (Bleach #1)",£34.65
Beyond Good and Evil,Beyond Good and Evil,£43.38
Alice in Wonderland (Alice's Adventures in Wonderland #1),Alice in Wonderland (Alice's Adventures in Wonderland #1),£55.53
"Ajin: Demi-Human, Volume 1 (Ajin: Demi-Human #1)","Ajin: Demi-Human, Volume 1 (Ajin: Demi-Human #1)",£57.06
A Spy's Devotion (The Regency Spies of London #1),A Spy's Devotion (The Regency Spies of London #1),£16.97
1st to Die (Women's Murder Club #1),1st to Die (Women's Murder Club #1),£53.98
"1,000 Places to See Before You Die","1,000 Places to See Before You Die",£26.08
